gene,AB5075_UT,AB5075_T
dnaA,2213,2213
dnaN,4692,4692
recF,1529,1529
gyrB,16092,16092
ABUW_0005,2180,2180
ABUW_0006,206,206
ABUW_0007,3178,3178
ABUW_0008,20,20
ABUW_0009,670,670
adeT,19,19
ABUW_0011,1352,1352
ABUW_0012,34,34
anmK,1535,1535
tyrS,7428,7428
ABUW_0015,0,0
ABUW_0016,0,0
ABUW_0017,0,0
ABUW_0018,0,0
ABUW_0019,0,0
ABUW_0020,87,87
ABUW_0021,449,449
ABUW_0022,614,614
ABUW_0023,57,57
sun,1813,1813
fmt,1085,1085
ilvD,11323,11323
ABUW_0027,1460,1460
ABUW_0028,53,53
ABUW_0029,127,127
ABUW_0030,2515,2515
ppc,3463,3463
ABUW_0032,8,8
ABUW_0033,390,390
ABUW_0034,4946,4946
ABUW_0035,13201,13201
ABUW_0036,532,532
dnaJ,1602,1602
ABUW_0038,47,47
dapB,1916,1916
ABUW_0040,439,439
ABUW_0041,2013,2013
alrA,1773,1773
ABUW_0043,284,284
ABUW_0044,12,12
ABUW_0045,142,142
ABUW_0046,978,978
tag,339,339
ABUW_0048,218,218
ABUW_0049,262,262
mutY,720,720
ABUW_0051,477,477
ABUW_0052,1358,1358
ABUW_0053,75,75
ABUW_0054,242,242
ABUW_0055,91,91
ABUW_0056,907,907
ABUW_0057,14,14
ABUW_0058,18,18
purC,8782,8782
ABUW_0060,5081,5081
dapA,10355,10355
pncA,327,327
ABUW_0063,217,217
ABUW_0064,24,24
ABUW_0065,18,18
hppD,149,149
hmgR,374,374
ABUW_0068,55,55
maiA,75,75
fahA,453,453
aroP1,652,652
ABUW_0072,55,55
ABUW_0073,61,61
ABUW_0074,103,103
hutC,519,519
ABUW_0076,208,208
hutU,298,298
hutH,408,408
ABUW_0079,541,541
hutI,239,239
hutG,93,93
ABUW_0082,80,80
ABUW_0083,87,87
murI1,118,118
ABUWs001,253,253
ABUW_0085,3,3
ABUW_0086,622,622
ABUW_0087,1223,1223
ABUW_0088,992,992
glmS,10611,10611
glmU,7022,7022
pgpA,1198,1198
thiL,2290,2290
nusB,4679,4679
ribH,5326,5326
ribB1,12482,12482
ABUW_0096,3333,3333
serB,2315,2315
ABUW_0098,2567,2567
ABUW_0099,1861,1861
dtd,295,295
pncB,1244,1244
ABUW_0102,675,675
psd,1544,1544
ABUW_0104,127,127
phoR,1308,1308
phoB,2485,2485
ABUW_0107,355,355
ABUW_0108,321,321
ABUW_0109,204,204
ABUW_0110,446,446
ABUW_0111,543,543
ABUW_0112,319,319
ABUW_0113,182,182
gshA,1747,1747
dsbB,552,552
ABUW_0116,3746,3746
ABUW_0117,844,844
ABUW_0118,8,8
ABUW_0119,102,102
ABUW_0120,10,10
ABUW_0121,12,12
ABUW_0122,201,201
ABUW_0123,306,306
parE,2426,2426
allA,86,86
allC,64,64
ABUW_0127,19,19
ABUW_0128,2401,2401
ABUW_0129,23,23
uraH1,6,6
ABUW_0131,4,4
ABUW_0132,62,62
ABUW_0133,1530,1530
ABUW_0134,1563,1563
ABUW_0135,2888,2888
dsbD,1844,1844
ABUW_0137,136,136
est,376,376
ABUW_0139,966,966
ABUW_0140,451,451
ABUWs002,13366,13366
xth,956,956
pyrE,2310,2310
ABUW_0143,249,249
ABUW_0144,47,47
gshB,634,634
murG,2671,2671
murC,4604,4604
ddlB,4267,4267
ftsQ,2760,2760
ftsA,8071,8071
ftsZ,12737,12737
lpxC,1491,1491
ABUW_0153,107,107
ABUW_0154,4181,4181
aceE,51840,51840
aceF,28712,28712
ABUW_0157,39,39
ABUWs003,367,367
ABUW_0158,501,501
ABUW_0159,1155,1155
ABUW_0160,62,62
ABUW_0161,37,37
guaB,18553,18553
glmM,2828,2828
pdxH,1292,1292
recJ,797,797
ABUW_0166,3359,3359
prfB,4960,4960
ABUW_0168,282,282
ABUW_0169,668,668
xenB,1138,1138
kdtA,526,526
ABUW_0172,180,180
ABUW_0173,1375,1375
ABUW_0174,197,197
acsA,303,303
ABUW_0176,47,47
ABUW_0177,82,82
ABUW_0178,29,29
msuE,16,16
ABUW_0180,1625,1625
ABUW_0181,234,234
ABUW_0182,1106,1106
ABUW_0183,9,9
ABUW_0184,87,87
ABUW_0185,34,34
ABUW_0186,1812,1812
ABUW_0187,21845,21845
ABUW_0188,200,200
uvrA,3048,3048
ABUW_0190,109,109
ABUW_0191,414,414
ABUW_0192,13,13
ABUW_0193,51,51
ABUW_0194,410,410
ABUW_0195,4857,4857
ABUW_0196,2463,2463
ssb,4066,4066
ABUW_0198,54,54
ABUW_0199,140,140
ABUW_0200,201,201
gabP,741,741
ABUW_0202,451,451
gabT,2388,2388
gabD1,3139,3139
ABUW_0205,226,226
ABUW_0206,251,251
ABUW_0207,153,153
ABUWs004,25,25
ABUW_0208,4996,4996
ABUW_0209,529,529
ABUW_0210,145,145
ABUW_0211,1,1
ABUWs005,16,16
ABUW_0212,1,1
ABUW_0213,358,358
ABUW_0214,90,90
ABUW_0215,112,112
ABUW_0216,182,182
ABUW_0217,55,55
ABUW_0218,178,178
ABUW_0219,121,121
ABUWs006,1,1
ABUW_0220,86,86
ABUW_0221,8,8
ABUW_0222,1,1
ABUW_0223,42,42
ABUW_0224,38,38
ABUW_0225,21,21
ABUW_0226,47,47
ABUW_0227,144,144
ABUW_0228,38,38
ABUW_0229,32,32
ABUW_0230,48,48
ABUW_0231,26,26
trkD,3093,3093
ABUW_0233,209,209
ABUW_0234,673,673
ABUW_0235,82,82
ABUW_0236,103,103
aqpZ,142,142
ABUW_0238,38,38
ABUW_0239,25,25
hisF,2586,2586
ABUW_0241,953,953
ABUW_0242,280,280
ABUW_0243,241,241
ABUW_0244,66,66
ABUW_0245,112,112
hisA,1218,1218
ABUW_0247,124,124
ABUW_0248,154,154
hisH,2710,2710
hisB,3891,3891
ABUW_0251,427,427
ABUW_0252,0,0
ABUW_0253,0,0
ABUW_0254,42,42
ABUW_0255,500,500
envZ,1484,1484
ompR,2716,2716
ABUW_0258,10497,10497
ABUW_0259,30,30
acr1,337,337
metY,237,237
ABUW_0262,26902,26902
ABUW_0263,349,349
ABUW_0264,195,195
ABUW_0265,319,319
czcC,189,189
czcB,150,150
czcA,422,422
czcD,248,248
ABUW_0270,1010,1010
ABUW_0271,142,142
ABUW_0272,6,6
ABUW_0273,145,145
ABUW_0274,36,36
ABUW_0275,3622,3622
ABUW_0276,4,4
ABUW_0277,25,25
gltX,8891,8891
ABUW_0279,1046,1046
sbp,42,42
mraW,1875,1875
ftsL,585,585
ftsI,3807,3807
murE,2979,2979
murF,3333,3333
mraY,3638,3638
ABUW_0287,246,246
rrm,478,478
ABUW_0289,4629,4629
ABUW_0290,534,534
comN,124,124
comO,176,176
comL,127,127
comQ,300,300
aroK,609,609
aroB,1877,1877
ABUW_0297,932,932
gltB,8975,8975
gltD,3192,3192
ABUW_0300,29,29
ABUW_0301,435,435
ABUW_0302,158,158
ABUW_0303,37,37
ABUW_0304,280,280
ABUW_0305,1322,1322
bfr1,1327,1327
ABUW_0307,169,169
ABUW_0308,1030,1030
ABUW_0309,8224,8224
rpoZ,6528,6528
gmk,2921,2921
ispH,2029,2029
fimT,9,9
pilV,29,29
pilW,52,52
pilX,51,51
pilY,470,470
comE,44,44
comF,62,62
rpsP,21997,21997
rimM,76596,76596
trmD,65863,65863
rplS,49973,49973
ABUW_0324,13,13
lifO,38,38
truB,1035,1035
ABUW_0327,658,658
ABUW_0328,78,78
ABUW_0329,228,228
ABUW_0330,378,378
serA,17994,17994
ABUW_0332,5149,5149
ABUW_0333,215,215
ABUW_0334,727,727
mdaB,898,898
ABUW_0336,34,34
mdfA,428,428
ABUW_0338,193,193
sodC,764,764
ABUW_0340,574,574
ABUW_0341,726,726
ABUW_0342,129,129
ABUW_0343,212,212
ABUW_0344,182,182
ABUW_0345,192,192
ABUW_0346,2186,2186
ABUW_0347,601,601
ABUW_0348,0,0
ABUW_0349,0,0
gdh,10252,10252
ABUW_0351,1857,1857
astA1,801,801
astD,1539,1539
astB,1439,1439
astE,636,636
ABUW_0356,136,136
ABUW_0357,12,12
ABUW_0358,62,62
ABUW_0359,76,76
ABUW_0360,81,81
ABUW_0361,49,49
ABUW_0362,5,5
ABUW_0363,34,34
ABUW_0364,656,656
ABUW_0365,203,203
glyS,11425,11425
glyQ,7675,7675
ABUW_0368,74,74
ABUW_0369,367,367
ABUW_0370,89,89
ABUW_0371,218,218
ABUW_0372,351,351
ABUW_0373,504,504
ABUW_0374,553,553
ABUW_0375,1141,1141
aroE,302,302
hemF,1027,1027
ribA,1428,1428
dxs,4816,4816
suhB,7535,7535
ABUWs007,1581,1581
ABUW_0381,8333,8333
ABUW_0382,25,25
mlaF,1197,1197
mlaE,1534,1534
mlaD,1497,1497
mlaC,3143,3143
mlaB,888,888
corA,1252,1252
ABUW_0389,579,579
ABUW_0390,257,257
ABUW_0391,124,124
recG,773,773
ABUW_0393,238,238
ABUW_0394,116,116
plsB,6255,6255
tesB,1594,1594
ABUW_0397,433,433
ABUW_0398,257,257
ABUW_0399,1222,1222
ABUW_0400,184,184
ABUW_0401,357,357
ABUW_0402,521,521
ABUW_0403,365,365
ABUW_0404,23,23
rpsJ,117170,117170
rplC,270005,270005
rplD,129985,129985
rplW,91019,91019
rplB,213701,213701
rpsS,119474,119474
rplV,87340,87340
rpsC,197459,197459
rplP,134134,134134
rpmC,98090,98090
rpsQ,97281,97281
rplN,81854,81854
rplX,147499,147499
rplE,129094,129094
rpsN,68794,68794
rpsH,74970,74970
rplF,138472,138472
rplR,60948,60948
rpsE,123760,123760
rpmD,44096,44096
rplO,126457,126457
secY,287655,287655
rpmJ,21152,21152
rpsM,97796,97796
rpsK,105892,105892
rpsD,190694,190694
rpoA,315094,315094
rplQ,59592,59592
ABUW_0433,453,453
fadE,28,28
ABUW_0435,390,390
ABUW_0436,7,7
ABUWs008,161,161
ABUW_0437,137,137
ABUW_0438,261,261
ABUW_0439,39,39
ABUW_0440,138,138
ABUW_0441,377,377
ABUW_0442,478,478
prlC,546,546
rnr,4015,4015
ABUW_0445,950,950
ABUW_0446,10,10
ABUW_0447,3,3
ABUW_0448,14,14
ABUW_0449,543,543
ABUW_0450,0,0
ABUW_0451,16,16
ABUW_0452,248,248
ABUW_0453,797,797
ABUW_0454,44,44
ABUW_0455,39,39
ABUW_0456,266,266
wrbA,342,342
xpt,4540,4540
ABUW_0459,835,835
ABUW_0460,360,360
ABUW_0461,149,149
ABUW_0462,937,937
phoL,4560,4560
miaB,7953,7953
ABUW_0465,1574,1574
ABUW_0466,517,517
mdh,27233,27233
ABUW_0468,79,79
ABUW_0469,137,137
ABUW_0470,297,297
ABUW_0471,2985,2985
pssA,1402,1402
ABUW_0473,429,429
ABUW_0474,0,0
ABUW_0475,0,0
ABUW_0476,0,0
ABUW_0477,0,0
ABUW_0478,0,0
ABUW_0479,10,10
ABUW_0480,32,32
ABUW_0481,83,83
ABUW_0482,80,80
ABUW_0483,1,1
ABUW_0484,62,62
ABUW_0485,17,17
ABUW_0486,58,58
ABUW_0487,42,42
ABUW_0488,22,22
ABUW_0489,73,73
ABUW_0490,799,799
sspB,876,876
sspA,277,277
rpsI,35138,35138
rplM,71063,71063
pdxA,881,881
ksgA,1617,1617
apaH,798,798
ABUW_0498,221,221
ABUW_0499,203,203
ABUW_0500,132,132
hflX,787,787
ABUW_0502,692,692
ABUW_0503,1078,1078
ABUW_0504,548,548
ABUW_0505,1515,1515
ABUW_0506,1406,1406
ABUW_0507,314,314
ABUW_0508,0,0
ABUW_0509,0,0
ABUW_0510,0,0
ABUW_0511,0,0
ABUW_0512,0,0
ABUW_0513,301,301
ABUW_0514,196,196
ABUW_0515,587,587
ABUW_0516,179,179
thi3,838,838
ABUW_0518,668,668
ABUW_0519,840,840
ABUW_0520,1144,1144
ABUW_0521,928,928
ABUW_0522,1474,1474
ABUW_0523,1169,1169
ABUW_0524,1007,1007
ispZ,1115,1115
ABUW_0526,401,401
ABUW_0527,315,315
radC,25,25
coaBC,1712,1712
secF,4080,4080
secD,9049,9049
yajC,2374,2374
tgt,3873,3873
ABUW_0534,66,66
ABUW_0535,93,93
queA,1592,1592
ABUW_0537,110,110
ABUW_0538,262,262
ABUW_0539,42,42
ABUW_0540,39,39
ABUW_0541,85,85
ABUW_0542,24,24
ABUW_0543,27,27
ABUW_0544,9,9
ABUW_0545,29,29
ABUWs009,10,10
ABUW_0546,32,32
ABUW_0547,250,250
ABUW_0548,38,38
ABUW_0549,217,217
ABUW_0550,84,84
ABUW_0551,160,160
ABUW_0552,22,22
ABUWs010,98,98
ABUW_0553,270,270
ABUW_0554,80,80
ABUW_0555,7,7
ABUW_0556,4,4
ABUW_0557,116,116
ABUW_0558,56,56
ABUW_0559,204,204
ABUW_0561,3,3
ABUW_0562,0,0
ABUW_0563,17849,17849
ABUW_0564,9,9
ABUW_0565,18,18
ABUW_0566,5,5
ABUW_0567,10,10
ABUW_0568,57,57
ABUW_0569,3,3
ABUW_0570,5,5
ABUW_0571,0,0
ABUW_0572,1,1
ABUW_0573,7,7
ABUW_0574,14,14
ABUW_0575,26,26
ABUW_0576,3,3
ABUW_0577,7,7
ABUW_0578,2,2
ABUW_0579,4,4
ABUW_0580,22,22
ABUW_0581,35,35
ABUW_0582,24,24
ABUW_0583,19,19
ABUW_0584,27,27
ABUW_0585,584,584
glnE,1663,1663
ilvE,2800,2800
ABUW_0588,255,255
ABUW_0589,1009,1009
ABUW_0590,511,511
ABUW_0591,351,351
ABUW_0592,389,389
ABUW_0593,476,476
ABUW_0594,578,578
ABUW_0595,257,257
ABUW_0596,592,592
ABUW_0597,267,267
aspS,25160,25160
ABUW_0599,43,43
ABUW_0600,1090,1090
ABUW_0601,396,396
ABUW_0602,525,525
ABUW_0603,12,12
ABUW_0604,47,47
acdA,1198,1198
acdB1,2357,2357
ABUW_0607,37,37
baeS,398,398
baeR,481,481
ABUW_0610,675,675
ABUW_0611,7482,7482
ABUW_0612,317,317
ABUW_0613,273,273
ABUW_0614,217,217
ABUW_0615,3641,3641
trpF,964,964
trpB1,3269,3269
ABUW_0618,401,401
ABUW_0619,137,137
ABUW_0620,42,42
ABUW_0621,84,84
trpA,12450,12450
accD,9147,9147
folC,3469,3469
ABUW_0625,1516,1516
ABUW_0626,46,46
ABUW_0627,89,89
ABUWs011,14,14
ABUW_0628,171,171
secA,7476,7476
ABUW_0630,1246,1246
ABUW_0631,736,736
ABUW_0632,149,149
ABUW_0633,782,782
ABUW_0634,233,233
ABUW_0635,433,433
ABUW_0636,218,218
ABUW_0637,165,165
ABUW_0638,64,64
ABUW_0639,2966,2966
ABUW_0640,39,39
ABUW_0641,8854,8854
gcd,19212,19212
cysI,5820,5820
ABUW_0644,1472,1472
ABUW_0645,25,25
ABUW_0646,19,19
ABUW_0647,576,576
ABUW_0648,36,36
ABUW_0649,142315,142315
ABUW_0650,35,35
ABUW_0651,364,364
ABUWs012,250,250
lysP,4492,4492
rsmC,3496,3496
ABUW_0654,4166,4166
typA,47891,47891
mscL,623,623
ABUW_0657,118,118
ppiC,221,221
mutM,941,941
ABUW_0660,91,91
ABUW_0661,624,624
ABUW_0662,652,652
ABUW_0663,57,57
ABUW_0664,129,129
ABUW_0665,460,460
ABUW_0666,1053,1053
ABUW_0667,77,77
ABUW_0668,9,9
phnA,54,54
ABUW_0671,1,1
ABUW_0672,0,0
ABUW_0673,103,103
proS,6131,6131
nolG,1048,1048
nolF,417,417
ABUW_0677,15,15
pilG,646,646
pilH,496,496
pilI,190,190
pilJ,1097,1097
pilL,400,400
ABUW_0683,41,41
ABUW_0684,176,176
ABUW_0685,62,62
dapE,2705,2705
ecnB,301,301
ABUW_0688,101,101
ABUW_0689,174,174
ABUW_0690,201,201
ABUW_0691,159,159
ABUW_0692,87,87
ABUW_0693,206,206
ABUW_0694,79,79
ABUW_0695,31,31
ABUW_0696,0,0
ABUW_0697,231,231
ABUW_0698,1066,1066
ABUW_0699,2897,2897
ABUW_0700,1058,1058
ABUW_0701,573,573
ABUW_0702,70,70
ABUW_0703,1018,1018
agcS,3591,3591
ABUW_0705,232,232
ilvA2,400,400
ABUW_0707,291,291
ABUW_0708,68,68
ABUW_0709,57,57
ABUW_0710,67,67
ABUW_0711,169,169
gatB,8429,8429
gatA,9196,9196
gatC,1399,1399
mreB,7721,7721
mreC,3813,3813
mreD,1212,1212
maf1,1023,1023
cafA,2318,2318
ABUW_0720,1719,1719
wax-dgaT,534,534
cysH,1255,1255
thrH,1107,1107
ABUW_0724,4064,4064
ABUW_0725,27,27
ABUW_0726,55,55
ABUW_0727,39,39
ABUW_0728,189,189
uppP,1360,1360
ABUW_0730,162,162
ABUW_0731,916,916
hchA,103,103
ABUW_0733,6,6
ABUW_0734,9,9
ABUW_0735,9,9
ABUW_0736,1,1
ABUW_0737,17,17
ABUW_0738,25,25
ABUW_0739,24,24
ABUW_0740,10,10
ABUW_0741,7,7
ABUW_0742,17,17
ABUW_0743,4,4
ABUW_0744,2,2
ABUW_0745,4300,4300
ABUW_0746,119,119
ABUW_0747,518,518
ABUW_0748,3,3
ABUW_0749,1,1
ABUWs013,0,0
ABUW_0750,1,1
ABUW_0751,18,18
ABUW_0752,21,21
ABUW_0753,0,0
ABUW_0754,0,0
ABUW_0755,6,6
ABUW_0756,2,2
ABUW_0757,0,0
ABUW_0758,4,4
ABUW_0759,8,8
ABUW_0760,4,4
ABUW_0761,6,6
ABUW_0762,11,11
ABUW_0763,4,4
ABUW_0764,14,14
ABUWs014,14,14
ABUW_0765,0,0
ABUW_0766,1,1
ABUW_0767,6,6
ABUW_0768,1,1
ABUW_0769,1112,1112
ABUW_0770,5,5
ABUW_0771,12,12
ABUW_0772,5,5
ABUW_0773,6,6
ABUW_0774,2,2
ABUW_0775,8,8
ABUW_0776,20,20
ABUW_0777,24,24
ABUW_0778,3,3
ABUW_0779,3,3
ABUW_0780,24,24
ABUW_0781,195,195
ABUW_0782,183,183
ABUW_0783,24,24
ABUW_0784,5,5
ABUW_0785,4,4
ABUW_0786,123,123
ABUW_0787,8,8
ABUW_0788,3,3
ABUW_0789,0,0
ABUW_0790,2,2
ABUW_0791,1,1
ABUW_0792,1,1
ABUW_0793,332,332
ABUW_0794,333,333
ABUW_0795,33,33
ABUW_0796,61,61
ABUW_0797,188,188
ABUW_0798,384,384
ABUW_0799,143,143
ABUW_0800,17,17
ABUW_0801,94,94
ABUWs015,0,0
ABUW_0802,0,0
ABUW_0803,1,1
ABUW_0804,220,220
ABUW_0805,1,1
ABUW_0806,3,3
ABUW_0807,2,2
ABUW_0808,34,34
ABUW_0809,2,2
ABUW_0810,8,8
ABUW_0811,93,93
ABUW_0812,135,135
ABUW_0813,52,52
ABUW_0814,16,16
ABUW_0815,159,159
ABUW_0816,0,0
aroP2,2799,2799
prpF,571,571
ispA,1002,1002
ABUW_0820,71,71
ABUW_0821,1169,1169
ABUW_0822,639,639
ABUW_0823,1856,1856
ABUW_0824,74,74
ABUW_0825,39,39
ABUW_0826,3789,3789
pmrC,154,154
qseB,196,196
qseC,248,248
ABUW_0830,8,8
ABUW_0831,23,23
ABUW_0832,75,75
ABUW_0833,20,20
ABUW_0834,78,78
ABUW_0835,61,61
valS,17488,17488
ABUW_0837,207,207
ABUW_0838,758,758
ABUW_0839,172,172
ABUW_0840,109,109
ABUW_0841,137,137
adeK,8755,8755
adeJ,24071,24071
adeI,9634,9634
ABUW_0845,1980,1980
ABUW_0846,1361,1361
ispB,1454,1454
rplU,88608,88608
rpmA,21568,21568
lolA,1008,1008
ABUW_0851,137,137
serS,6803,6803
cobA,2513,2513
ABUW_0854,465,465
ABUW_0855,58,58
ABUW_0856,186,186
ABUW_0857,4591,4591
ABUW_0858,1074,1074
ABUW_0859,555,555
lipB,650,650
ABUW_0861,859,859
rpoD,19699,19699
ABUW_0863,443,443
ABUW_0864,1370,1370
ABUW_0865,4054,4054
ABUW_0866,172,172
gltA,24144,24144
sdhC,16367,16367
sdhD,16262,16262
sdhA,63157,63157
sdhB,22667,22667
sucA,75408,75408
sucB,28950,28950
lpdA1,37269,37269
sucC,35991,35991
sucD,32351,32351
ABUW_0877,1,1
ABUW_0878,0,0
ABUW_0879,363,363
ABUW_0880,3,3
ABUWs016,11,11
trpS,4949,4949
ABUW_0882,952,952
ABUW_0883,639,639
ABUW_0884,701,701
ABUW_0885,4032,4032
ABUW_0886,51,51
ABUW_0887,61,61
ABUW_0888,55,55
ABUW_0889,43,43
ABUW_0890,110,110
cat,194,194
greA,6811,6811
carB,64192,64192
carA,28129,28129
ABUWs017,142,142
ABUW_0895,498,498
ABUW_0896,1350,1350
ABUW_0897,893,893
rrmJ,5676,5676
ftsH,18277,18277
folP,483,483
ABUW_0901,104,104
ABUW_0902,74,74
ABUW_0903,9,9
ABUW_0904,45,45
ABUW_0905,4,4
ABUW_0906,4,4
folD,5000,5000
prmA2,544,544
ABUW_0909,667,667
kgtP,910,910
glpK,386,386
glpD,132,132
pckG,43361,43361
ABUW_0914,69,69
ABUW_0915,80,80
ABUW_0916,1690,1690
groS,777,777
groL,3787,3787
dgkA,63,63
ABUW_0920,712,712
ABUW_0921,6,6
ABUW_0922,625,625
ABUW_0923,113,113
htpX,3881,3881
ABUW_0925,524,524
ABUW_0926,6036,6036
ABUW_0927,1279,1279
ABUW_0928,629,629
greB,185,185
ABUW_0930,9,9
ABUW_0931,81,81
ABUW_0932,67,67
ABUW_0933,19,19
ABUW_0934,0,0
ABUW_0935,0,0
ABUW_0936,0,0
ABUW_0937,10,10
ABUWs018,68,68
ABUW_0938,0,0
ABUW_0939,1,1
ABUW_0940,427,427
ABUW_0941,249,249
ABUW_0942,131,131
ABUW_0943,88,88
ABUW_0944,210,210
fdhD,25,25
ABUW_0946,53,53
pdxB,457,457
ABUW_0948,675,675
ABUW_0949,5625,5625
radA,966,966
cycA3,712,712
ABUW_0952,671,671
lysA,3259,3259
dapF,2201,2201
ABUW_0955,56,56
ABUW_0956,420,420
xerC,301,301
etfB,9009,9009
etfA,6227,6227
gyrA,18408,18408
ABUW_0961,16,16
ABUW_0962,3,3
ABUW_0963,6,6
ABUW_0964,4,4
ABUW_0965,142,142
ABUW_0966,178,178
ABUW_0967,309,309
ABUW_0968,312,312
serC,2811,2811
ABUW_0970,56,56
ABUW_0971,633,633
ABUW_0972,289,289
ABUW_0973,293,293
lolC,1678,1678
lolD,738,738
comA,97,97
ABUW_0977,1903,1903
sppA,2484,2484
ABUW_0979,1137,1137
purN,5482,5482
purM,14975,14975
ABUW_0982,1683,1683
hda,594,594
ABUW_0984,254,254
ABUW_0985,250,250
ABUW_0986,705,705
ABUW_0987,791,791
ABUW_0988,2860,2860
ABUW_0989,1561,1561
fbp1,4679,4679
ABUW_0991,53,53
pal,2291,2291
tolB,2434,2434
tolA,1225,1225
tolR,512,512
tolQ,1234,1234
ybgC,1569,1569
ABUW_0998,36,36
ruvB,769,769
ruvA,745,745
dgt,309,309
purL,29749,29749
ABUW_1003,361,361
ABUW_1004,26,26
ABUW_1005,41,41
ABUW_1006,212,212
ABUW_1007,306,306
ABUW_1008,59,59
bcp,756,756
ABUW_1010,411,411
ABUW_1011,4878,4878
ABUW_1012,5241,5241
ABUW_1013,6221,6221
dapD,7323,7323
carO,3024,3024
cbl,321,321
cysA,149,149
cysW,22,22
cysT,17,17
ABUW_1020,8,8
cysP,20,20
pabC,346,346
ABUW_1023,1129,1129
tmk,693,693
ABUW_1025,89,89
nadB,1543,1543
degP,900,900
ABUW_1028,157,157
lepA,8679,8679
lepB,2596,2596
ABUW_1031,673,673
rnc,943,943
era,4289,4289
ABUW_1034,576,576
recO,551,551
pdxJ,1821,1821
ABUW_1037,1152,1152
ABUW_1038,368,368
ABUW_1039,0,0
ABUW_1040,165,165
ABUW_1041,68,68
ABUW_1042,28,28
aspC,13577,13577
ABUW_1044,712,712
ABUW_1045,244,244
ABUW_1046,223,223
uvrB,727,727
ABUW_1048,161,161
rarD,169,169
gap,27280,27280
ABUW_1051,127,127
ABUW_1052,60,60
ABUW_1053,6005,6005
proB,3916,3916
ABUW_1055,244,244
ABUW_1056,1163,1163
dusB,539,539
ABUW_1058,259,259
ABUW_1059,102,102
ABUW_1060,163,163
wecB,211,211
ABUW_1062,96,96
ABUW_1063,118,118
ABUW_1064,81,81
ABUW_1065,19,19
ABUW_1066,28,28
phrB,135,135
slyD,4443,4443
ndh,388,388
ABUW_1070,3188,3188
ABUW_1071,2616,2616
idh,42644,42644
ABUW_1073,1743,1743
icd,693,693
ABUW_1075,8,8
ABUW_1076,48,48
ABUW_1077,0,0
ABUW_1078,2,2
ABUW_1079,252,252
ABUW_1080,2973,2973
ABUW_1081,294,294
ABUW_1082,3302,3302
ABUW_1083,673,673
ABUW_1084,193,193
ABUW_1085,1010,1010
ABUW_1086,73,73
cas,104,104
ABUW_1088,312,312
csy1,182,182
ABUW_1090,107,107
ABUW_1091,228,228
csy4,168,168
ABUW_1093,2,2
ABUW_1094,6,6
ABUW_1095,2,2
ABUW_1096,1,1
thiE,361,361
hemL,3280,3280
ABUW_1099,186,186
rluA,1602,1602
hepA,9326,9326
ABUW_1102,152,152
ABUW_1103,500,500
ABUW_1104,1432,1432
ABUW_1105,922,922
ABUW_1106,24,24
ABUW_1107,72,72
ABUW_1108,256,256
dat,30907,30907
ddc,34544,34544
ABUW_1111,1009,1009
ABUW_1112,26,26
ABUW_1113,131,131
aroP3,21,21
ABUW_1115,2090,2090
pstC,2332,2332
pstA,1686,1686
pstB,1359,1359
ABUW_1119,821,821
ABUW_1120,509,509
ABUW_1121,49,49
purB,12136,12136
ABUW_1123,903,903
trmU,4106,4106
ABUW_1125,1436,1436
ABUW_1126,941,941
dacC,5858,5858
ABUW_1128,822,822
ABUW_1129,52,52
surE,468,468
nlpD,1138,1138
ABUW_1132,1105,1105
ABUW_1133,1369,1369
ABUW_1134,1608,1608
gloA,1191,1191
ABUW_1136,319,319
rpmE1,13695,13695
ABUW_1138,1143,1143
ABUW_1139,675,675
ABUW_1140,858,858
efp,13437,13437
cstA,743,743
ABUW_1143,56,56
ABUW_1144,0,0
ABUW_1145,64,64
ABUW_1146,121,121
ABUW_1147,43,43
ABUW_1148,193,193
ABUW_1149,16,16
ABUW_1150,27,27
ABUW_1151,32,32
ABUW_1152,32,32
ABUW_1153,8,8
ABUW_1154,13,13
ABUW_1155,8,8
ABUW_1156,4,4
ABUW_1157,13,13
ABUW_1158,11,11
ABUW_1159,19,19
ABUW_1160,0,0
ABUW_1161,2,2
ABUW_1162,180,180
ABUWs019,103,103
ABUW_1163,5,5
ABUW_1164,24,24
ABUW_1165,131,131
ABUW_1166,31,31
ABUW_1167,65,65
bauF,31,31
basA,35,35
basB,61,61
ABUW_1171,0,0
ABUW_1172,0,0
bauD,10,10
bauC,16,16
bauE,26,26
bauB,36,36
bauA,97,97
basC,38,38
basD,75,75
basE,35,35
basF,17,17
basG,31,31
ABUW_1183,0,0
ABUW_1184,74,74
ABUW_1185,69,69
basH,33,33
basI,6,6
basJ,39,39
ABUW_1189,7467,7467
hemE,1890,1890
ABUW_1191,174,174
ABUW_1192,1195,1195
ABUW_1193,281,281
ampC,449,449
folE,1836,1836
xdhA,46,46
xdhB,115,115
xdhC,34,34
ABUW_1199,1222,1222
trpC,1969,1969
trpD,2427,2427
ABUW_1202,57,57
ABUW_1203,127,127
trpG,683,683
ABUW_1205,868,868
ABUW_1206,108,108
glnA,9695,9695
ubiC,385,385
ubiA,504,504
ABUW_1210,301,301
ABUW_1211,18,18
ABUW_1212,57,57
ABUW_1213,0,0
ABUW_1214,7,7
ABUW_1215,5,5
sodB,11651,11651
ABUW_1217,831,831
algW,1330,1330
cca,1910,1910
ABUW_1220,16223,16223
ABUW_1221,859,859
ABUW_1222,1030,1030
metF,8600,8600
ahcY,38492,38492
ABUW_1225,121,121
ABUW_1226,55,55
ABUW_1227,159,159
lipA1,9247,9247
sthA,5649,5649
ABUW_1230,13,13
ABUW_1231,228,228
ABUW_1232,21,21
ABUW_1233,47,47
map1,2932,2932
rpsB,96046,96046
tsf,42652,42652
ABUW_1237,241,241
ABUW_1238,202,202
ABUW_1239,37,37
ABUW_1240,2,2
ABUW_1241,84,84
rlpA,6229,6229
mltB,1609,1609
mrdB,1655,1655
ABUW_1245,1385,1385
queF,1824,1824
ABUW_1247,1124,1124
ABUW_1248,1650,1650
ABUW_1249,523,523
ABUW_1250,3,3
ABUW_1251,1,1
ABUW_1252,2,2
ABUW_1253,6,6
ABUW_1254,4,4
ABUW_1255,9,9
ABUW_1256,15,15
ABUW_1257,8,8
ABUW_1258,4,4
ABUW_1259,7,7
ABUW_1260,4,4
ABUW_1261,20,20
ABUW_1262,247,247
ABUW_1263,224,224
ABUWs020,9,9
ABUW_1264,296,296
ABUW_1265,1552,1552
ABUW_1266,3,3
ABUW_1267,2,2
ABUWs021,0,0
ABUW_1268,2,2
ABUW_1269,0,0
ABUW_1270,7,7
ABUW_1271,18,18
ABUW_1272,0,0
ABUW_1273,0,0
ABUW_1274,4,4
ABUW_1275,0,0
ABUW_1276,0,0
ABUW_1277,0,0
ABUW_1278,5,5
ABUW_1279,3,3
ABUW_1280,8,8
ABUW_1281,20,20
ABUW_1282,85,85
ABUW_1283,113,113
ABUW_1284,99,99
ABUWs022,1,1
ABUW_1285,0,0
ABUW_1286,12,12
ABUW_1287,35,35
ABUW_1288,159,159
ABUW_1289,3,3
ABUW_1290,12,12
ABUW_1291,3,3
ABUW_1292,8,8
ABUW_1293,11,11
ABUW_1294,16,16
ABUW_1295,123,123
ABUW_1296,13,13
ABUW_1297,2,2
ABUW_1298,17,17
ABUW_1299,27,27
ABUW_1300,4,4
ABUW_1301,3,3
ABUW_1302,3,3
ABUW_1303,8,8
ABUW_1304,5,5
ABUW_1305,12,12
ABUW_1306,2,2
ABUW_1307,0,0
ABUW_1308,7,7
ABUW_1309,0,0
ABUW_1310,2,2
ABUWs023,204,204
ABUW_1311,362,362
ABUW_1312,259,259
ABUW_1313,112,112
ABUW_1314,1457,1457
ABUW_1315,687,687
ABUW_1316,193,193
ABUW_1317,593,593
ABUW_1318,330,330
ABUW_1319,668,668
ABUW_1320,20,20
ABUW_1321,31,31
ABUW_1322,10,10
ABUW_1323,22,22
ABUW_1324,0,0
ABUW_1325,0,0
ABUW_1326,10,10
ABUW_1327,597,597
ABUWs024,261,261
ABUW_1328,15,15
ABUW_1329,2,2
ABUW_1330,18,18
ABUW_1331,282,282
ABUW_1332,18,18
glyA,28714,28714
ABUW_1334,135,135
ABUW_1335,254,254
ABUW_1336,97,97
ABUW_1337,5,5
ABUW_1338,270,270
hisJ,39,39
hisQ,11,11
hisM,20,20
ABUW_1342,22,22
ABUW_1343,67,67
ABUW_1344,43,43
ABUW_1345,411,411
ABUW_1346,103,103
ABUW_1347,127,127
ABUW_1348,3981,3981
ABUW_1349,142,142
ABUW_1350,48,48
ABUW_1351,241,241
ABUW_1352,152,152
ABUW_1353,201,201
ABUW_1354,375,375
ABUW_1355,637,637
ABUW_1356,294,294
ABUW_1357,560,560
ABUW_1358,4647,4647
ABUW_1359,2063,2063
ABUW_1360,616,616
ABUW_1361,357,357
dctA3,2906,2906
ABUW_1363,259,259
ABUW_1364,175,175
pheA,2135,2135
ABUW_1366,5069,5069
ABUW_1367,231,231
pepD,342,342
rnz,145,145
ABUW_1370,1018,1018
ABUW_1371,605,605
thiG,1597,1597
thiS,567,567
ABUW_1374,776,776
rpoH,3326,3326
ABUW_1376,395,395
ABUW_1377,4407,4407
rhlB,2713,2713
ABUW_1379,48,48
ABUW_1380,680,680
gpsA,1240,1240
ABUW_1382,371,371
ABUW_1383,495,495
ABUW_1385,0,0
ABUW_1386,16,16
ABUW_1387,17,17
ABUW_1388,19,19
ABUW_1389,12,12
ABUW_1390,11,11
ABUW_1391,30,30
ABUW_1392,15,15
ABUW_1393,3,3
ABUW_1394,9,9
ABUW_1395,14,14
ABUW_1396,0,0
ABUW_1397,0,0
ABUW_1398,2,2
ABUW_1399,171,171
ABUW_1400,444,444
ABUW_1401,4,4
ABUW_1402,1,1
ABUWs025,0,0
ABUW_1403,12,12
ABUW_1404,6,6
ABUW_1405,2,2
ABUW_1406,0,0
ABUW_1407,4,4
ABUW_1408,3,3
ABUW_1409,9,9
ABUW_1410,1,1
ABUW_1411,0,0
ABUW_1412,0,0
ABUW_1413,0,0
ABUW_1414,5,5
ABUW_1415,7,7
ABUW_1416,3,3
ABUW_1417,5,5
ABUW_1418,0,0
ABUW_1419,0,0
ABUW_1420,1,1
ABUW_1421,0,0
ABUW_1422,1,1
ABUW_1423,11,11
ABUW_1424,1,1
ABUW_1425,2,2
ABUW_1426,6,6
ABUW_1427,3,3
ABUW_1428,0,0
ABUW_1429,20,20
ABUW_1430,42,42
ABUW_1431,470,470
ABUW_1432,249,249
ABUW_1433,83,83
ABUW_1434,33,33
ABUW_1435,2,2
ABUW_1436,15,15
ABUW_1437,87,87
ABUW_1438,1,1
ABUW_1439,0,0
ABUW_1440,3,3
ABUW_1441,43,43
ABUW_1442,1231,1231
ABUW_1443,276,276
pyrD,3181,3181
ABUW_1445,503,503
purF,4752,4752
ABUW_1447,834,834
ABUW_1448,447,447
tkrA,755,755
ABUW_1450,244,244
ABUW_1451,20873,20873
rpsU,15215,15215
ABUW_1453,1747,1747
ABUW_1454,17,17
ABUW_1455,207,207
ABUW_1456,399,399
ABUW_1457,37,37
ABUW_1458,29,29
ABUW_1459,0,0
ABUW_1460,1,1
ABUW_1461,0,0
ABUW_1462,37,37
ABUW_1463,30,30
mmsA2,105,105
ABUW_1465,17,17
ABUW_1466,53,53
ABUW_1467,14,14
ABUW_1468,13,13
ABUW_1469,12,12
ABUW_1470,8,8
ABUW_1471,7,7
ABUW_1472,82,82
ABUW_1473,28,28
ABUW_1474,11,11
ABUW_1475,83,83
ABUW_1476,36,36
gltS,1176,1176
ABUW_1478,361,361
ABUW_1479,586,586
ABUW_1480,58,58
ABUW_1481,93,93
ABUW_1482,84,84
ABUW_1483,211,211
ABUW_1484,90,90
ABUW_1485,15,15
ABUW_1486,0,0
ABUW_1487,295,295
ABUW_1488,1,1
ABUW_1489,5,5
ABUW_1490,24,24
ABUW_1491,69,69
ABUW_1492,34,34
ABUW_1493,20,20
ABUW_1494,4,4
ABUW_1495,12,12
proP,159,159
ABUW_1497,0,0
ABUWs026,51,51
ABUW_1498,3,3
ABUW_1499,10,10
ABUW_1500,97,97
pqiA2,117,117
pqiB,498,498
ABUW_1503,189,189
uraH2,22,22
ABUW_1505,16,16
irlR,78,78
ABUW_1507,76,76
ABUW_1508,19,19
desC,6,6
ABUW_1510,14,14
ABUW_1511,6,6
cfa,25,25
ABUW_1513,83,83
ABUWs027,14,14
ABUW_1514,95,95
ABUW_1515,66,66
ABUW_1516,5,5
ABUW_1517,9,9
ABUW_1518,22,22
ABUW_1519,98,98
ABUW_1520,121,121
sndH1,139,139
ABUW_1522,41,41
ABUW_1523,135,135
ABUW_1524,107,107
ABUW_1525,917,917
ABUW_1526,114,114
gloB,490,490
metI2,3647,3647
ABUW_1529,6796,6796
ABUW_1530,5696,5696
purD,14259,14259
purH,24099,24099
fis,9927,9927
ABUW_1534,549,549
prmA1,3058,3058
ABUW_1536,346,346
gidA,13935,13935
ABUW_1538,16,16
ABUW_1539,547,547
ABUW_1540,156,156
ABUW_1541,30,30
ABUW_1542,238,238
ABUW_1543,246,246
alr,1046,1046
dnaB,2203,2203
rplI,70752,70752
rpsR,62780,62780
rpsF,122455,122455
cyoE,9932,9932
cyoD,10942,10942
cyoC,41675,41675
cyoB,116471,116471
cyoA,84153,84153
ABUW_1554,1323,1323
ppsA,21458,21458
ABUW_1556,866,866
pgaA,35,35
pgaB,39,39
pgaC,30,30
ABUW_1560,20,20
ABUW_1561,25,25
ABUW_1562,352,352
ABUW_1563,50,50
ABUW_1564,186,186
ABUW_1565,111,111
ABUW_1566,34,34
prfA,2073,2073
hemK,633,633
ABUW_1569,21,21
ABUW_1570,12,12
ABUW_1571,270,270
ABUW_1572,47,47
ABUW_1573,37,37
ABUW_1574,22,22
ABUW_1575,352,352
ABUW_1576,623,623
ABUW_1577,2373,2373
folB,514,514
ABUW_1579,199,199
ABUW_1580,1,1
kdpA,63,63
kdpB,89,89
kdpC,25,25
kdpD,251,251
kdpE,84,84
ABUW_1586,26,26
ABUW_1587,93,93
ABUW_1588,565,565
ABUW_1589,387,387
ABUW_1590,1441,1441
ABUW_1591,2618,2618
ABUW_1592,401,401
acnB,46250,46250
ABUW_1594,60,60
ABUW_1595,166,166
ABUW_1596,401,401
ABUW_1597,25,25
ABUW_1598,176,176
metR,1055,1055
ABUW_1600,275,275
ABUW_1601,49,49
rsuA,383,383
ABUW_1603,109,109
ABUW_1604,320,320
ABUW_1605,238,238
ABUW_1606,641,641
mutL,2132,2132
miaA,855,855
hfq,495,495
ABUW_1610,96,96
nfnB,498,498
ABUW_1612,1,1
lpxH,424,424
ppiB,4509,4509
glnS,8614,8614
ABUWs028,35,35
ABUW_1616,0,0
ABUW_1617,425,425
eutC,11,11
eutB,18,18
eat,11,11
ald1,2137,2137
ABUW_1622,143,143
ABUW_1623,232,232
ABUW_1624,369,369
ABUW_1625,1827,1827
hpcD,219,219
thiM,428,428
ABUW_1628,599,599
ABUW_1629,22,22
pepN,1089,1089
ABUW_1631,101,101
ABUW_1632,30,30
ABUW_1633,51,51
ABUW_1634,45,45
ABUW_1635,40,40
ABUW_1636,23,23
ABUW_1637,17,17
ABUW_1638,78,78
ABUW_1639,110,110
ABUW_1640,0,0
ABUW_1641,6,6
ABUW_1642,5,5
ABUW_1643,2,2
ABUW_1644,43,43
ABUWs029,38,38
ABUW_1645,5,5
ABUW_1646,2310,2310
ABUW_1647,0,0
ABUW_1648,390,390
ABUW_1649,107,107
ABUW_1650,0,0
ABUW_1651,27,27
ABUW_1652,12,12
ABUW_1653,33,33
ABUW_1654,104,104
ABUW_1655,137,137
ABUW_1656,55,55
ABUW_1657,15,15
ABUW_1658,2,2
ABUW_1659,3,3
ABUW_1660,101,101
ABUW_1661,424,424
ABUW_1662,1,1
ABUW_1663,5,5
ABUW_1664,52,52
ABUW_1665,12,12
mgtA,118,118
ABUW_1667,16,16
ABUW_1668,73,73
ABUW_1669,43,43
ABUW_1670,299,299
tal,850,850
ABUW_1672,129,129
ABUW_1673,30,30
ABUW_1674,1151,1151
ABUW_1675,542,542
ABUW_1676,275,275
ABUW_1677,146,146
ABUW_1678,268,268
smvA,760,760
dnaX,1571,1571
ABUW_1681,1,1
plc1,77,77
ABUW_1683,109,109
ABUW_1684,271,271
ABUW_1685,371,371
ABUW_1686,565,565
murB,912,912
ABUW_1688,768,768
ABUW_1689,613,613
ABUW_1690,818,818
ABUW_1691,259,259
ABUW_1692,100,100
ABUW_1693,162,162
ABUW_1694,153,153
ABUW_1695,275,275
accC,10248,10248
accB,4183,4183
aroQ,1591,1591
umuC,45,45
ABUW_1700,1,1
ABUW_1701,13,13
nasT,2,2
ABUW_1703,0,0
nirB,26,26
ABUW_1705,29,29
nasA,96,96
mobA,20,20
ABUW_1708,51,51
moaA,47,47
ABUW_1710,19,19
moaE,107,107
moaCB,147,147
ABUW_1713,192,192
ABUW_1714,271,271
ABUW_1715,78,78
ABUW_1716,6,6
ABUW_1717,203,203
ABUW_1718,107,107
ABUW_1719,210,210
tusD,269,269
ABUW_1721,307,307
fumC,1099,1099
ABUW_1723,28,28
ABUW_1724,216,216
ABUW_1725,520,520
ABUW_1726,289,289
ABUW_1727,419,419
ispF,275,275
ABUW_1729,174,174
argF,4915,4915
ABUW_1731,836,836
ntrC,721,721
ntrB,290,290
ABUW_1734,7370,7370
pyrH,10718,10718
frr,6672,6672
uppS,4109,4109
cdsA,4136,4136
dxr,3587,3587
rseP,2537,2537
bamA,11845,11845
skp,2217,2217
lpxD,2340,2340
fabZ,7743,7743
lpxA,9296,9296
ABUW_1746,1524,1524
ABUWs030,327,327
recX,94,94
recA,6069,6069
hslR,429,429
ABUW_1750,381,381
ABUW_1751,40,40
ABUW_1752,60,60
ABUW_1753,35,35
ABUW_1754,32,32
ABUW_1755,9,9
kynU,22,22
ABUW_1757,10,10
ABUW_1758,29,29
ABUWs031,19,19
ABUW_1759,158,158
ABUW_1760,332,332
ABUW_1761,23,23
gdhB2,397,397
ABUW_1763,122,122
ABUW_1764,911,911
ABUWs032,0,0
ABUW_1766,1,1
ABUW_1767,231,231
ABUW_1768,170,170
ABUW_1769,622,622
fruA,3560,3560
pfkB,1764,1764
fruB,5726,5726
ABUW_1773,43,43
ABUWs033,52,52
ABUW_1774,73,73
ABUW_1775,179,179
ABUW_1776,461,461
brnQ,5488,5488
map2,1899,1899
ABUW_1779,817,817
ABUW_1780,295,295
ABUW_1781,4435,4435
argD,1105,1105
ABUW_1783,539,539
ABUW_1784,1105,1105
ABUW_1785,1,1
ABUW_1786,361,361
ABUW_1787,171,171
ABUW_1788,133,133
ftsY,2960,2960
ABUW_1790,456,456
ABUW_1791,390,390
ABUW_1792,90,90
ybgT,24,24
cydB,520,520
cydA,844,844
ABUW_1796,62,62
ABUW_1797,324,324
ABUW_1798,1178,1178
ABUW_1799,3316,3316
ABUW_1800,2164,2164
ABUW_1801,3,3
ABUW_1802,6216,6216
ABUW_1803,2054,2054
ABUW_1804,283,283
ABUW_1805,246,246
ilvA1,4091,4091
rpiA,1280,1280
ABUW_1808,399,399
ABUW_1809,166,166
ABUW_1810,3,3
argC,1941,1941
ABUW_1812,1988,1988
clpS,1332,1332
clpA,6423,6423
ABUW_1815,151,151
ABUWs034,205,205
aro1,1169,1169
ABUW_1817,320,320
ABUW_1818,145,145
ABUW_1819,161,161
ABUW_1820,42,42
ABUW_1821,120,120
ABUW_1822,307,307
ABUW_1823,5,5
ABUW_1824,9886,9886
pyrG,30522,30522
kdsA,13500,13500
eno,18984,18984
ABUW_1828,19,19
ABUW_1829,846,846
ispD,426,426
pcaI1,23,23
pcaJ1,19,19
pcaF1,32,32
pcaB,25,25
pcaD1,19,19
pcaK1,24,24
pcaC,19,19
pcaH,28,28
pcaG,32,32
aroD,10,10
quiC,39,39
quiX,21,21
quiA,258,258
ABUW_1844,1446,1446
ABUW_1845,83,83
ABUW_1846,66,66
ABUW_1847,82,82
pcaU,157,157
ABUW_1849,44,44
ABUW_1850,124,124
ABUW_1851,97,97
ABUW_1852,79,79
ABUW_1853,102,102
benP1,15,15
ABUW_1855,7,7
ABUW_1856,419,419
ABUW_1857,8,8
ABUW_1858,5,5
ABUW_1859,3,3
ABUW_1860,0,0
ABUW_1861,10,10
ABUW_1862,6,6
ABUW_1863,22,22
ABUW_1864,20,20
ABUW_1865,27,27
feaR,13,13
tynA,21,21
ABUW_1868,1,1
feaB,22,22
ABUW_1870,18,18
pcaD2,26,26
pcaF2,38,38
pcaJ2,34,34
pcaI2,38,38
catA,94,94
catC,15,15
catB,61,61
catR,302,302
ABUW_1879,161,161
ABUW_1880,396,396
ABUW_1881,23,23
ABUW_1882,3,3
ABUW_1883,17,17
ABUW_1884,24,24
ABUW_1885,18,18
cpo,205,205
ABUW_1887,64,64
ABUW_1888,200,200
ABUW_1889,38,38
ABUW_1890,109,109
ABUW_1891,59,59
ABUW_1892,76,76
ABUW_1893,94,94
ABUW_1894,162,162
ABUW_1895,25,25
ABUW_1896,63,63
ABUW_1897,4,4
ABUW_1898,10,10
ABUW_1899,21,21
ABUW_1900,41,41
ABUW_1901,0,0
sndH2,54,54
ABUW_1903,3,3
ABUW_1904,16,16
ABUW_1905,82,82
ABUW_1906,123,123
gdhB1,731,731
ABUW_1908,165,165
ABUW_1909,6,6
ABUW_1910,21,21
ABUWs035,192,192
ABUW_1911,0,0
ABUW_1912,7,7
ABUW_1913,3,3
ABUW_1914,4,4
ABUW_1915,40,40
ABUW_1916,74,74
ABUW_1917,103,103
ABUW_1918,3,3
ABUW_1919,219,219
ABUW_1920,124,124
ABUW_1921,51,51
ABUW_1922,16,16
ABUW_1923,15,15
ABUW_1924,365,365
ABUW_1925,27,27
ABUW_1926,35,35
ABUW_1927,81,81
ABUW_1928,7,7
ABUW_1929,6,6
ABUW_1930,620,620
ABUW_1931,529,529
ABUW_1932,180,180
ABUW_1933,135,135
ABUW_1934,103,103
ABUW_1935,13,13
ABUW_1936,66,66
ABUW_1937,6,6
ABUW_1938,27,27
ABUW_1939,30,30
ABUW_1940,3,3
ABUW_1941,1,1
ABUW_1942,262,262
ABUW_1943,289,289
ABUW_1944,412,412
ABUW_1945,723,723
ABUW_1946,21,21
ABUW_1947,27,27
ABUW_1948,82,82
ABUW_1949,14,14
ABUW_1950,10,10
ABUW_1951,8,8
ABUW_1952,26,26
ABUW_1953,26,26
ABUW_1954,12,12
ABUW_1955,32,32
ABUW_1956,28,28
ABUW_1957,93,93
ABUW_1958,229,229
ABUWs036,41,41
ABUW_1959,3,3
ABUW_1960,164,164
ABUW_1961,226,226
ABUW_1962,0,0
ABUW_1963,25,25
ABUW_1964,58,58
ABUW_1965,15,15
ABUW_1966,76,76
ABUW_1967,20,20
ABUW_1968,9,9
ABUW_1969,7,7
ABUW_1970,71,71
ABUW_1971,46,46
adeS,149,149
adeR,150,150
adeA,128316,128316
adeB,354621,354621
adeC,73791,73791
ABUW_1977,75,75
ABUW_1978,107,107
ABUW_1979,687,687
ABUW_1980,174,174
ABUW_1981,42,42
ABUW_1982,44,44
ABUW_1983,852,852
ABUW_1984,564,564
ABUW_1985,3,3
ABUW_1986,51,51
ABUW_1987,72,72
ABUW_1988,15,15
ABUW_1989,92,92
ABUW_1990,284,284
ABUW_1991,19,19
ABUW_1992,196,196
ABUW_1993,28,28
ABUW_1994,780,780
ABUW_1995,77,77
ABUW_1996,27,27
ABUW_1997,0,0
ABUW_1998,0,0
ABUW_1999,0,0
ABUW_2000,0,0
ABUW_2001,0,0
ABUW_2002,0,0
ABUW_2003,0,0
ABUW_2004,0,0
ABUW_2005,0,0
ABUW_2006,0,0
ABUW_2007,0,0
ABUW_2008,0,0
ABUW_2009,0,0
ABUW_2010,0,0
ABUW_2011,0,0
ABUW_2012,0,0
ABUW_2013,0,0
ABUW_2014,0,0
ABUW_2015,0,0
ABUW_2016,0,0
ABUW_2017,0,0
ABUW_2018,0,0
ABUW_2019,0,0
ABUW_2020,0,0
ABUW_2021,0,0
ABUW_2022,0,0
ABUW_2023,0,0
ABUW_2024,0,0
ABUW_2025,0,0
ABUW_2026,0,0
ABUW_2027,0,0
ABUW_2028,0,0
ABUW_2029,0,0
ABUW_2030,0,0
ABUW_2031,0,0
ABUW_2032,0,0
ABUW_2033,1,1
ABUW_2034,7,7
ABUW_2035,0,0
ABUW_2036,0,0
ABUW_2037,0,0
ABUW_2038,0,0
ABUW_2039,0,0
ABUW_2040,0,0
ABUW_2041,1,1
ABUW_2042,0,0
ABUW_2043,0,0
ABUW_2044,3,3
ABUW_2045,0,0
ABUW_2046,0,0
ABUW_2047,0,0
ABUW_2048,0,0
ABUW_2049,0,0
ABUW_2050,2,2
ABUW_2051,108,108
ABUW_2052,679,679
ABUW_2053,91,91
ABUW_2054,163,163
ABUW_2055,135,135
ABUW_2056,36,36
adhC,1380,1380
ABUW_2058,193,193
ABUW_2059,180,180
ABUW_2060,8,8
ABUWs037,4,4
ABUW_2061,452,452
ABUW_2062,185,185
ABUW_2063,124,124
ABUW_2064,4,4
ABUW_2065,738,738
acdP,185,185
ABUWs038,18,18
pqqE,603,603
pqqD,206,206
pqqC,773,773
pqqB,1187,1187
pqqA,76,76
ppk1,221,221
ABUW_2073,51,51
ABUW_2074,17,17
ABUW_2075,116,116
ABUW_2076,139,139
modC,34,34
modB,36,36
modA,99,99
ABUW_2080,26,26
antA,5,5
antB,4,4
antC,13,13
ABUW_2084,47,47
ABUW_2085,13,13
ABUW_2086,11,11
ABUW_2087,13,13
ABUW_2088,6,6
ABUW_2089,23,23
ABUW_2090,19,19
ABUW_2091,36,36
bdhA,37,37
ABUW_2093,55,55
ABUW_2094,6,6
ABUW_2095,169,169
atoD,57,57
atoA,57,57
atoE,33,33
ABUW_2099,148,148
ABUW_2100,455,455
ABUW_2101,380,380
ABUW_2102,4,4
ABUW_2103,7,7
aspA,5484,5484
ABUW_2105,1392,1392
pcaT,40,40
ABUW_2107,17,17
ABUW_2108,32,32
ABUW_2109,19,19
ABUW_2110,14,14
ABUW_2111,27,27
ABUW_2112,3,3
ABUW_2113,13,13
ABUW_2114,9,9
chrA1,99,99
ABUW_2116,145,145
ABUW_2117,93,93
ABUW_2118,372,372
ABUW_2119,238,238
ABUW_2120,94,94
ABUW_2121,82,82
ABUW_2122,474,474
ABUW_2123,164,164
ABUW_2124,107,107
ABUW_2125,351,351
ABUW_2126,94,94
budC,29,29
lpdA2,76,76
acoC,96,96
acoB,62,62
acoA,64,64
lipA2,106,106
ABUW_2133,55,55
ABUW_2134,494,494
ABUW_2135,263,263
aroC,3717,3717
prmB,3755,3755
trpB2,498,498
ABUW_2139,768,768
ABUW_2140,1224,1224
ABUW_2141,1027,1027
ABUW_2142,1338,1338
ABUW_2143,26,26
ABUW_2144,178,178
ABUW_2145,33,33
ABUWs039,1,1
rnd,739,739
recR,1508,1508
ABUW_2148,1614,1614
ABUW_2149,28,28
metZ,1349,1349
ABUW_2151,162,162
ABUW_2152,19,19
ABUW_2153,0,0
ABUW_2154,139,139
ABUW_2155,83,83
ABUW_2156,46,46
ABUW_2157,71,71
ABUW_2158,922,922
ABUW_2159,1476,1476
ABUW_2160,111,111
ABUW_2161,558,558
ABUW_2162,259,259
ABUW_2163,1995,1995
lpxB,633,633
ABUW_2165,939,939
ABUW_2166,45,45
ABUW_2167,201,201
ABUW_2168,35,35
ABUW_2169,304,304
aro2,3617,3617
cobS,99,99
ABUW_2172,73,73
cobC,112,112
cobT,334,334
cobU,169,169
ABUW_2176,49,49
ABUW_2177,797,797
ABUW_2178,359,359
ABUW_2179,35,35
ABUW_2180,615,615
ABUW_2181,116,116
ABUW_2182,7458,7458
ABUW_2183,45,45
ABUW_2184,45,45
ABUW_2185,281,281
ABUW_2186,318,318
ABUW_2187,158,158
ABUW_2188,210,210
ABUW_2189,270,270
ABUW_2190,124,124
ABUW_2191,94,94
ABUW_2192,1705,1705
ABUW_2193,68,68
ABUW_2194,116,116
alkM,60,60
alkR,162,162
ppiD,9725,9725
hup,5685,5685
ABUW_2199,563,563
ABUW_2200,321,321
iscR,7573,7573
iscS,13886,13886
iscU,4340,4340
iscA,2827,2827
hscB,2939,2939
hscA,10211,10211
fdx,1796,1796
ABUW_2208,1651,1651
ABUW_2209,2142,2142
mfd,1710,1710
ABUW_2211,99,99
ABUW_2212,795,795
ABUW_2213,113,113
rraA,503,503
ABUW_2215,71,71
rpsT,9729,9729
ABUW_2217,276,276
cysQ,286,286
ABUW_2219,35,35
ABUW_2220,499,499
ABUW_2221,252,252
ABUW_2222,190,190
ABUW_2223,149,149
ABUW_2224,451,451
ABUW_2225,215,215
ABUW_2226,265,265
ABUW_2227,0,0
ABUW_2228,104,104
ABUW_2229,17,17
ABUW_2230,47,47
ABUW_2231,12,12
ABUW_2232,19,19
ABUW_2233,4,4
glcB,3229,3229
ABUW_2235,3980,3980
ABUW_2236,485,485
ABUW_2237,59,59
ABUW_2238,134,134
pyrF,1929,1929
ABUW_2240,807,807
ihfB,1143,1143
rpsA,309052,309052
cmk,10970,10970
ABUW_2244,327,327
ABUW_2245,461,461
ABUW_2246,4680,4680
ung,2193,2193
ABUW_2248,1849,1849
gspK,169,169
gspJ,142,142
gspI,67,67
gspG,174,174
ABUW_2253,641,641
ABUW_2254,1098,1098
pilZ,252,252
holB,401,401
kdsB,909,909
lpxK,677,677
msbA,2212,2212
ABUW_2260,471,471
ABUW_2261,497,497
spoOJ,1710,1710
soj,1745,1745
gidB,1167,1167
ABUW_2265,1584,1584
ABUW_2266,1876,1876
ostA,7403,7403
surA,5067,5067
fba,14871,14871
ABUW_2270,928,928
pgk,10003,10003
ABUW_2272,610,610
maf2,522,522
ABUW_2274,2233,2233
ABUW_2275,923,923
ABUWs040,348,348
ABUW_2276,216,216
sstT,5500,5500
ABUW_2278,1141,1141
ABUW_2279,1213,1213
ABUW_2280,1802,1802
ABUW_2281,504,504
ABUW_2282,831,831
gcvH,662,662
npdA,219,219
putP,4898,4898
ABUW_2286,57,57
putA,7974,7974
ABUW_2288,34,34
trmA,1482,1482
ABUW_2290,777,777
ABUW_2291,63,63
ABUW_2292,439,439
ABUW_2293,704,704
ABUW_2294,128,128
tkt,39716,39716
metK,10578,10578
ABUW_2297,119,119
ABUW_2298,337,337
fxsA,315,315
bla-OXA-69,79,79
yncA,100,100
ABUW_2302,167,167
ABUW_2303,0,0
ruvC,267,267
ABUW_2305,287,287
ABUW_2306,468,468
bioB,6434,6434
ABUW_2308,77,77
ABUW_2309,12,12
ABUW_2310,51,51
ABUW_2311,16,16
ABUW_2312,33,33
ABUW_2313,18,18
ABUWs041,0,0
ABUW_2314,3,3
ABUW_2315,73,73
ABUW_2316,96,96
ABUW_2317,42,42
ABUW_2318,50,50
ABUW_2319,554,554
ABUW_2320,74,74
ABUW_2321,7,7
ABUW_2322,69,69
ABUW_2323,0,0
ABUW_2324,37,37
ABUW_2325,10,10
ABUW_2326,495,495
ABUW_2327,7456,7456
ABUW_2328,331,331
ABUW_2329,6,6
gltL,111,111
gltK,81,81
gltJ,71,71
gltI,376,376
ABUW_2334,738,738
ABUW_2335,8,8
ABUW_2336,19,19
ABUW_2337,9,9
metQ1,16,16
metQ2,25,25
metN1,21,21
ABUW_2341,16,16
ychF,8396,8396
ABUW_2343,8,8
ABUW_2344,33,33
ABUW_2345,33,33
ABUW_2346,541,541
ABUW_2347,364,364
ABUW_2348,118,118
ABUW_2349,305,305
purT,1745,1745
glnD,2107,2107
ABUW_2352,1937,1937
ABUW_2353,5,5
ABUW_2354,101,101
gpo,241,241
msrB,216,216
ABUW_2357,1905,1905
ABUW_2358,843,843
aspQ,885,885
dnaE,5375,5375
ABUW_2361,1361,1361
cysE,1481,1481
ABUW_2363,3782,3782
ABUW_2364,698,698
ahpF1,580,580
chrA2,16,16
xxx,29,29
ABUW_2368,61,61
arsB1,16,16
arsR1,6,6
arsC1,7,7
ABUW_2372,0,0
ABUW_2373,91,91
ABUW_2374,41,41
ABUW_2375,79,79
ABUW_2376,135,135
ABUW_2377,32,32
hyu,8,8
tauD,88,88
tauC,52,52
tauB,42,42
tauA,53,53
ABUW_2383,313,313
ABUW_2384,2,2
ABUW_2385,20,20
ABUW_2386,69,69
ABUW_2387,223,223
ABUW_2388,27,27
cioA,561,561
cioB,331,331
ABUW_2391,39,39
ABUW_2392,191,191
mdcR,62,62
madM,23,23
madL,13,13
ABUW_2396,28,28
mdcG,10,10
mdcE,23,23
mdcD,18,18
mdcC,4,4
mdcB,6,6
mdcA,16,16
ABUW_2403,82,82
ABUW_2404,58,58
ABUW_2405,69,69
ABUW_2406,48,48
ABUW_2407,79,79
ABUW_2408,128,128
ABUW_2409,85,85
ABUW_2410,85,85
ABUW_2411,272,272
ABUW_2412,74,74
ABUW_2413,25,25
ABUW_2414,2,2
srpH,5,5
ABUW_2416,12,12
ABUW_2417,25,25
ABUW_2418,58,58
ABUW_2419,97,97
ABUW_2420,56,56
ABUW_2421,51,51
ABUW_2422,17,17
ABUW_2423,6,6
ABUW_2424,16,16
ABUW_2425,62,62
ABUW_2426,39,39
ABUW_2427,68,68
ABUW_2428,73,73
ABUW_2429,37,37
ABUW_2430,9,9
umuD,143,143
ABUW_2432,117,117
ABUW_2433,663,663
ABUW_2434,1,1
ABUW_2435,44,44
katE,639,639
ABUW_2437,54,54
cinA1,0,0
ABUW_2439,9268,9268
ABUW_2440,48,48
ABUW_2441,19,19
ABUW_2442,21,21
ABUW_2443,28,28
ABUWs043,18,18
ABUWs042,62,62
ABUW_2444,1,1
ABUW_2445,16,16
ABUW_2446,53,53
ABUW_2447,19,19
ABUW_2448,9,9
ABUW_2449,10,10
ABUW_2450,36,36
ABUW_2451,89,89
ABUW_2452,58,58
ABUW_2453,59,59
mgh,20,20
ABUW_2455,50,50
ABUW_2456,22,22
ABUW_2457,199,199
ABUW_2458,638,638
ABUW_2459,105,105
acdB2,36,36
ABUW_2461,17,17
ABUW_2462,11,11
ABUW_2463,14,14
dcaJ,14,14
dcaI,11,11
dcaK,8,8
dcaA2,31,31
dcaE,6,6
dcaC,2,2
dcaH,29,29
dcaF,15,15
dcaR,393,393
ABUW_2473,160,160
ABUW_2474,38,38
ABUW_2475,11,11
dcaS,999,999
caiB1,45,45
dcaA1,15,15
mucK1,7,7
phnX,22,22
phnW,41,41
ABUW_2482,11,11
ABUW_2483,21,21
ABUW_2484,6,6
ABUW_2485,37,37
ABUW_2486,164,164
pobA,12,12
pobR,89,89
ABUW_2489,43,43
ABUW_2490,57,57
ABUW_2491,9,9
gabD2,64,64
ABUW_2493,8,8
ABUW_2494,10,10
ABUW_2495,0,0
ABUW_2496,56,56
ABUW_2497,39,39
ABUW_2498,25,25
ABUW_2499,17,17
ABUW_2500,8,8
ABUW_2501,395,395
ABUW_2502,84,84
ABUW_2503,36,36
ABUW_2504,83,83
ABUW_2505,9,9
ABUW_2506,46,46
ABUW_2507,31,31
ABUW_2508,65,65
ABUW_2509,3,3
ABUW_2510,5,5
ABUW_2511,8,8
ABUW_2512,89,89
csp2,123,123
ABUW_2514,0,0
ABUW_2515,3,3
ABUW_2516,157,157
ABUW_2517,21,21
ABUW_2518,1,1
ABUW_2519,27,27
ABUW_2520,7,7
ABUWs044,280,280
ABUW_2521,196,196
ABUW_2522,303,303
paaI1,3,3
paaY,126,126
paaX,287,287
paaF,126,126
paaE,69,69
paaC,89,89
paaB,9,9
caiD,12,12
paaK,25,25
paaJ,21,21
paaI2,28,28
paaH,11,11
paaG,181,181
paaN,85,85
sdaA,160,160
ABUW_2539,0,0
ABUW_2540,0,0
ABUW_2541,34,34
aldH,54,54
ABUW_2543,6,6
ABUW_2544,91,91
ABUW_2545,43,43
ABUW_2546,3,3
ABUW_2547,27,27
ABUW_2548,31,31
ABUW_2549,340,340
ABUW_2550,82,82
ABUW_2551,121,121
ABUWs045,0,0
ABUW_2553,9,9
ABUW_2554,489,489
soxR,16,16
ABUW_2556,26,26
ABUW_2557,605,605
ABUW_2558,216,216
ABUW_2559,189,189
ABUW_2560,30,30
guaD1,11,11
ABUW_2562,16,16
ABUW_2563,64,64
ABUW_2564,243,243
ABUW_2565,484,484
ABUW_2566,485,485
ABUW_2567,1215,1215
ABUW_2568,806,806
clpV,1281,1281
ABUW_2570,52,52
ABUW_2571,155,155
ABUW_2572,129,129
icmF,894,894
ABUW_2574,145,145
ABUW_2575,86,86
ABUW_2576,217,217
ABUW_2577,90,90
ABUW_2578,2768,2768
ABUW_2579,1259,1259
ABUW_2580,229,229
ABUW_2581,343,343
ABUW_2582,204,204
ABUW_2583,25,25
ABUW_2584,8,8
ABUW_2585,33,33
atzF,12,12
ABUW_2587,0,0
ABUW_2588,2,2
ABUW_2589,20,20
ABUW_2590,37,37
uca,155,155
ABUW_2592,1,1
ABUW_2593,6,6
ABUW_2594,59,59
ABUW_2595,105,105
ABUW_2596,5,5
ABUW_2597,3,3
ABUWs046,36,36
ABUW_2598,238,238
ABUW_2599,274,274
ABUW_2600,6,6
ABUW_2601,97,97
ABUW_2602,315,315
bccA,195,195
ABUW_2604,166,166
ABUW_2605,81,81
ABUW_2606,108,108
ABUW_2607,105,105
ABUW_2608,0,0
ABUW_2609,119,119
ABUW_2610,113,113
ABUW_2611,14,14
ABUW_2612,33,33
ABUW_2613,55,55
ABUW_2614,0,0
ABUW_2615,0,0
ABUW_2616,245,245
ABUW_2617,7760,7760
ABUW_2618,3823,3823
ABUW_2619,78,78
ABUW_2620,4,4
ABUW_2621,458,458
ABUW_2622,25,25
ABUW_2623,44,44
ABUW_2624,130,130
ABUW_2625,0,0
ABUW_2626,95,95
ABUW_2627,106,106
pcaK2,18,18
ABUW_2629,5,5
ABUWs047,191,191
ABUW_2630,340,340
ABUW_2631,43,43
ABUW_2632,51,51
ABUW_2633,26,26
mutS,3803,3803
ABUW_2635,342,342
fdxA,1317,1317
ABUW_2637,926,926
ABUW_2638,1101,1101
ABUW_2639,580,580
ABUW_2640,130,130
ABUW_2641,89,89
ABUW_2642,797,797
ABUW_2643,1553,1553
ABUW_2644,934,934
lptB,1199,1199
lptA,1723,1723
ABUW_2647,1484,1484
kdsC,1514,1514
kdsD,3218,3218
cysS,3698,3698
ABUW_2651,0,0
ABUW_2652,3,3
ABUW_2653,24,24
ABUW_2654,21,21
ABUW_2655,38,38
ABUW_2656,164,164
ABUW_2657,9,9
ABUW_2658,70,70
ABUW_2659,2,2
ABUW_2660,394,394
ABUW_2661,38,38
ABUW_2662,4,4
ABUW_2663,8,8
ABUW_2664,11,11
ABUW_2665,97,97
ABUW_2666,8,8
ABUW_2667,2,2
ABUW_2668,20,20
ABUW_2669,8,8
ABUW_2670,3,3
ABUW_2671,6,6
ABUW_2672,6,6
ABUW_2673,128,128
ABUW_2674,4,4
ABUW_2675,433,433
ABUW_2676,1,1
ABUW_2677,65,65
ABUW_2678,20,20
ABUW_2679,15,15
ABUW_2680,14,14
ABUW_2681,244,244
ABUW_2682,46,46
ABUW_2683,13,13
ABUW_2684,30,30
ABUW_2685,4,4
ABUW_2686,31,31
ABUW_2687,23,23
ABUW_2688,109,109
ABUW_2689,7,7
csp1,311,311
ABUW_2691,170,170
ABUW_2692,9,9
ABUW_2693,7,7
ABUW_2694,0,0
ABUW_2695,497,497
ABUW_2696,101,101
ABUW_2697,1,1
ABUW_2698,170,170
ABUW_2699,10,10
ABUWs048,45,45
ABUW_2700,82,82
ABUW_2701,493,493
ABUW_2702,13,13
ABUWs049,35,35
ABUW_2703,15,15
ABUWs050,21,21
ABUW_2704,1,1
ABUWs051,174,174
ABUW_2705,58,58
cueR,109,109
actP2,199,199
ABUW_2708,80,80
benM,85,85
benA,30,30
benB,6,6
benC,32,32
benD,23,23
benE,78,78
benK,6,6
benP2,14,14
ABUW_2717,2990,2990
hrpA,3923,3923
ahpC,10100,10100
ABUW_2720,17,17
mdmC,205,205
ABUW_2722,92,92
ahpF2,532,532
ABUW_2724,811,811
gst,485,485
ABUW_2726,35,35
trmB,3583,3583
ABUW_2728,191,191
ABUW_2729,296,296
ABUW_2730,160,160
pyrX,3838,3838
pyrB,3368,3368
ABUW_2733,2,2
ABUW_2734,3292,3292
ABUW_2735,37,37
cinA2,55,55
clpB,545,545
ABUW_2738,207,207
ABUW_2739,34,34
ABUW_2740,895,895
vfr,4841,4841
ABUW_2742,475,475
ABUW_2743,1313,1313
ABUW_2744,21,21
purA,25688,25688
hisZ,8069,8069
epd,565,565
alaS,22429,22429
lysC,20090,20090
csrA,1603,1603
rnhB,760,760
ABUW_2752,1277,1277
ABUW_2753,173,173
add1,4682,4682
ABUW_2755,6293,6293
ABUW_2756,67,67
ABUW_2757,44,44
ABUW_2758,12,12
ABUW_2759,4,4
ABUW_2760,77,77
ABUW_2761,29,29
ABUW_2762,20,20
ABUW_2763,12,12
ABUW_2764,59,59
ABUW_2765,14,14
ABUW_2766,98,98
ABUW_2767,27,27
ABUW_2768,6,6
ABUW_2769,2,2
ABUW_2770,139,139
ABUW_2771,36,36
vanK,29,29
vanA,19,19
vanB,7,7
vanR,168,168
hcaR,78,78
hcaK,10,10
hcaA,519,519
hcaB,317,317
hcaC,74,74
hcaD,9,9
hcaE,12,12
ABUW_2783,2,2
ABUW_2784,2,2
hcaG,19,19
ABUW_2786,576,576
ABUW_2787,150,150
kdgD,47,47
gudD,65,65
ABUW_2790,18,18
garD,23,23
ABUW_2792,208,208
ABUW_2793,94,94
ABUW_2794,205,205
ABUW_2795,0,0
ABUW_2796,2,2
ABUW_2797,11,11
ABUW_2798,193,193
astA2,23,23
ABUW_2800,20,20
ABUW_2801,144,144
ydcW,141,141
ABUW_2803,110,110
ABUW_2804,289,289
ABUW_2805,102,102
ABUW_2806,26,26
ABUW_2807,344,344
ABUW_2808,938,938
ABUW_2809,236,236
ABUW_2810,338,338
ABUW_2811,2,2
ABUW_2812,5,5
ABUW_2813,0,0
ABUW_2814,12,12
ABUW_2815,71,71
ABUW_2816,2427,2427
ABUW_2817,1383,1383
ABUW_2818,6,6
ABUWs052,172,172
ABUW_2819,8,8
ABUW_2820,1418,1418
ABUW_2821,7,7
ABUW_2822,224,224
argG,16664,16664
ABUW_2824,156,156
pyrC,2905,2905
rnt,1115,1115
ABUW_2827,8,8
ABUW_2828,1525,1525
ABUW_2829,31,31
ABUW_2830,233,233
ABUW_2831,446,446
ABUW_2832,31,31
ABUW_2833,11,11
ABUW_2834,40,40
ABUW_2835,209,209
ABUW_2836,268,268
ABUW_2837,234,234
ABUW_2838,242,242
ABUW_2839,683,683
ABUW_2840,15749,15749
dnaQ,1703,1703
ABUW_2842,555,555
ABUW_2843,830,830
aesT,656,656
ABUW_2845,1332,1332
ABUW_2846,15,15
ABUW_2847,366,366
ABUW_2848,18,18
iciA,98,98
ABUW_2850,89,89
ABUW_2851,69,69
ABUW_2852,58,58
ABUW_2853,673,673
ABUW_2854,1109,1109
ubiH,1463,1463
pepP,1953,1953
ABUW_2857,1883,1883
ABUW_2858,1456,1456
ABUW_2859,251,251
ABUWs053,31040,31040
ABUW_2860,4,4
ABUW_2861,0,0
ABUW_2862,18,18
ABUW_2863,64,64
ABUW_2864,0,0
lon,3860,3860
ABUWs054,10,10
ABUW_2866,299,299
ABUW_2867,301,301
ABUW_2868,5195,5195
gdhA,2128,2128
ABUW_2870,1061,1061
nth,963,963
ABUW_2872,27,27
adk,4668,4668
ABUW_2874,1626,1626
ABUW_2875,187,187
mrdA,2996,2996
ABUW_2877,579,579
ureJ,94,94
ureG,120,120
ureF,81,81
ureE,58,58
ureC,52,52
ureB,11,11
ureA,14,14
ureD,9,9
ABUW_2886,356,356
ABUW_2887,543,543
aceA,760,760
ABUW_2889,4787,4787
ABUW_2890,766,766
ABUW_2891,0,0
citN,2344,2344
ABUW_2893,652,652
ABUW_2894,200,200
cysN,4501,4501
cysD,2867,2867
ABUW_2897,177,177
ABUW_2898,2960,2960
lysS,12022,12022
ABUW_2900,11,11
ABUW_2901,15,15
rubA,563,563
rubB,1093,1093
estB,942,942
estR,2208,2208
ABUW_2906,12,12
ppk2,2295,2295
mtgA,267,267
ABUW_2909,128,128
ABUW_2910,300,300
ABUW_2911,52,52
tesA,101,101
ABUW_2913,1831,1831
lip1,806,806
ABUW_2915,358,358
pfeA,397,397
yhgI,4645,4645
ABUW_2918,217,217
ABUW_2919,1,1
atsA,62,62
ABUW_2921,21,21
ABUW_2922,16,16
ABUW_2923,1545,1545
dsdA,119,119
pit,10949,10949
metH,6563,6563
ABUW_2927,30,30
ABUW_2928,22,22
ABUW_2929,31,31
ABUW_2930,10,10
ABUW_2931,58,58
ABUW_2932,50,50
ABUW_2933,244,244
fsr,432,432
ABUW_2935,47,47
ABUW_2936,995,995
def2,143,143
ABUW_2938,0,0
ABUW_2939,125,125
ABUW_2940,10,10
ABUW_2941,44,44
ABUW_2942,17,17
ABUW_2943,8,8
ABUW_2944,12,12
ABUW_2945,7,7
ABUW_2946,36,36
ABUW_2947,19,19
ABUW_2948,7,7
ABUW_2949,6,6
ABUW_2950,7,7
ABUW_2951,13,13
ABUW_2952,10,10
ABUW_2953,26,26
ABUW_2954,295,295
ABUW_2955,69,69
pnuC,239,239
ABUW_2957,59,59
ABUW_2958,406,406
ABUW_2959,1128,1128
ABUW_2960,1621,1621
ABUW_2961,494,494
ABUW_2962,581,581
ABUW_2963,11,11
ABUW_2964,117,117
ABUW_2965,40,40
ABUW_2966,626,626
ABUW_2967,349,349
betT,1347,1347
ABUWs055,25,25
ABUW_2969,228,228
betI,680,680
betB,1917,1917
betA,1527,1527
mqo,28904,28904
ABUW_2974,138,138
ABUW_2975,222,222
arcD,244,244
ABUW_2977,290,290
ABUW_2978,15,15
ABUW_2979,30,30
ABUW_2980,7,7
ABUW_2981,26,26
ABUW_2982,7,7
ABUW_2983,9,9
ABUW_2984,15,15
ABUW_2985,19,19
ABUW_2986,43,43
ABUW_2987,55,55
ABUW_2988,77,77
ABUW_2989,18,18
ABUW_2990,17,17
ABUW_2991,26,26
ABUWs056,43,43
ABUW_2992,3,3
ABUW_2993,6,6
ABUW_2994,0,0
ABUW_2995,249,249
ABUW_2996,159,159
ABUW_2997,1405,1405
ABUW_2998,710,710
ABUW_2999,110,110
ABUW_3000,354,354
ABUW_3001,105,105
ABUW_3002,2,2
ABUW_3003,29,29
ABUW_3004,28,28
ABUW_3005,531,531
ABUW_3006,403,403
ABUW_3007,17,17
ABUW_3008,209,209
ABUWs057,3,3
ABUW_3009,5,5
ABUW_3010,0,0
ABUW_3011,39,39
ABUWs058,0,0
ABUW_3012,4,4
ABUW_3013,5,5
ABUW_3014,5,5
ABUW_3015,0,0
ABUW_3016,952,952
ABUW_3017,355,355
ABUWs059,305587,305587
ggt,49,49
emrB,1689,1689
emrA,1935,1935
ABUW_3021,80,80
hemB,7450,7450
ABUW_3023,1738,1738
ABUW_3024,286,286
ABUW_3025,254,254
ABUWs060,1109,1109
ABUW_3026,88,88
ABUW_3027,37,37
sbcD,514,514
sbcC,1239,1239
ABUWs061,15,15
ABUW_3030,297,297
pilT,166,166
pilU,184,184
fur,4057,4057
smpA,1484,1484
ABUW_3035,580,580
ABUW_3036,2076,2076
ABUW_3037,203,203
ABUW_3038,578,578
ABUW_3039,17,17
argB,815,815
algC,661,661
dut,345,345
rep,2161,2161
ABUW_3044,0,0
ABUW_3045,2948,2948
ABUW_3046,1229,1229
ABUW_3047,367,367
minC,1546,1546
minD,6240,6240
minE,1365,1365
ABUW_3051,983,983
rhtC,543,543
ftsK,5865,5865
trxB1,3272,3272
aat,254,254
ABUW_3056,477,477
rimI,231,231
ABUW_3058,40,40
ABUW_3059,199,199
tuf1,192242,192242
fusA,468676,468676
rpsG,88177,88177
rpsL,97435,97435
ABUW_3064,1207,1207
fabB,14661,14661
ABUW_3066,1960,1960
ABUW_3067,73,73
ABUW_3068,67,67
nadE,3079,3079
ABUW_3070,373,373
ABUW_3071,0,0
ABUW_3072,66,66
gabD3,122,122
ABUW_3074,168,168
ABUW_3075,43,43
ABUW_3076,128,128
ABUW_3077,13,13
ABUW_3078,80,80
ABUW_3079,34,34
ABUW_3080,0,0
ABUWs062,98209,98209
ABUW_3081,428,428
coaD,1736,1736
smpB,546,546
ABUW_3084,587,587
ABUW_3085,409,409
rluD,1323,1323
ABUW_3087,3978,3978
dnaG,1131,1131
hemA,1792,1792
ABUW_3090,566,566
lolB,264,264
ispE,9538,9538
ABUWs063,0,0
ABUW_3093,1,1
ABUW_3094,0,0
ABUW_3095,0,0
ABUW_3096,2,2
prs,41578,41578
rplY,13453,13453
pth,3959,3959
panD,2990,2990
ABUW_3101,48,48
ABUW_3102,104,104
ABUWs064,163,163
ribB2,359,359
ABUW_3104,583,583
thiD,382,382
ABUW_3106,386,386
acpP,5446,5446
fabG,14706,14706
fabD,12221,12221
rpmF,15119,15119
ABUW_3111,36626,36626
ABUW_3112,167,167
ABUW_3113,220,220
scpA,1466,1466
scpB,2078,2078
ABUW_3116,6566,6566
bioD,260,260
bioC,162,162
bioF,295,295
bioA,475,475
ABUW_3121,148,148
otsB,1,1
otsA,58,58
ABUW_3124,2564,2564
bfr2,985,985
ABUW_3126,0,0
ligA,2202,2202
zipA,2553,2553
smc,1962,1962
ABUW_3130,82,82
ABUW_3131,261,261
ABUW_3132,410,410
coaX,291,291
ffh,7033,7033
ABUW_3135,602,602
dusC,976,976
ABUW_3137,14,14
ABUW_3138,172,172
ABUW_3139,36,36
ABUW_3140,171,171
ABUW_3141,255,255
dcd,2908,2908
ABUW_3143,730,730
ABUW_3144,243,243
mtnN,412,412
ABUW_3146,1456,1456
ABUW_3147,150,150
metG,6677,6677
ABUW_3149,33,33
ABUW_3150,546,546
ABUW_3151,113,113
ABUW_3152,154,154
ABUW_3153,205,205
ABUW_3154,160,160
ABUW_3155,665,665
ABUW_3156,22,22
ABUW_3157,200,200
ABUW_3158,163,163
ABUW_3159,851,851
ABUW_3160,742,742
ABUW_3161,1202,1202
ABUW_3162,60,60
ABUW_3163,653,653
upp,1845,1845
nuoN,24761,24761
nuoM,31911,31911
nuoL,30548,30548
nuoK,5437,5437
nuoJ,8658,8658
nuoI,12941,12941
nuoH,23173,23173
nuoG,61641,61641
nuoF,25161,25161
nuoE,10940,10940
nuoCD,39612,39612
nuoB,14498,14498
nuoA,12501,12501
ABUW_3178,237,237
ABUW_3179,232,232
ABUW_3180,1466,1466
ABUW_3181,949,949
ABUW_3182,14,14
nrdA,30985,30985
ABUW_3184,52,52
nrdB,16398,16398
ABUWs065,0,0
ABUW_3186,19,19
ABUW_3187,5,5
ABUW_3188,14,14
ABUW_3189,125,125
ABUW_3190,19,19
ABUW_3191,1,1
ABUW_3192,1,1
ABUW_3193,24,24
ABUW_3194,0,0
ABUWs066,119,119
ABUW_3195,0,0
ABUWs067,0,0
ABUWs068,1,1
ABUWs069,2,2
ABUW_3196,424,424
metE,3566,3566
ABUW_3198,3561,3561
ABUW_3199,21,21
ABUW_3200,0,0
ABUW_3201,1,1
ABUW_3202,11,11
ABUW_3203,89,89
ABUW_3204,57,57
ABUW_3205,13,13
ABUW_3206,111,111
citA,6,6
ABUW_3208,10,10
ABUW_3209,111,111
ABUW_3210,19,19
citB,13,13
caiB2,34,34
mucK2,6,6
gcdH,91,91
ABUW_3215,53,53
ABUW_3216,12,12
add2,34,34
ABUW_3218,0,0
ABUW_3219,5,5
ABUW_3220,29,29
ABUW_3221,2,2
nadA,1767,1767
argJ,1604,1604
ogt,105,105
sugE,101,101
ABUW_3226,112,112
pcoB,83,83
pcoA,302,302
ABUW_3229,320,320
ABUW_3230,518,518
rpe,2089,2089
ABUW_3232,92,92
fghA,620,620
ABUW_3234,1133,1133
ABUW_3235,503,503
ABUW_3236,1094,1094
ABUW_3237,79,79
ABUW_3238,150,150
ABUW_3239,493,493
ABUW_3240,394,394
filE,101,101
fadL,129,129
filC,79,79
ABUW_3244,31,31
ABUW_3245,145,145
pabB,184,184
hisC,1183,1183
hisD,3264,3264
hisG,2271,2271
murA,6243,6243
ABUW_3251,1419,1419
raiA,166,166
rpoN,786,786
ABUW_3254,0,0
ABUW_3255,0,0
ABUW_3256,0,0
ABUW_3257,0,0
ABUW_3258,0,0
ABUW_3259,2548,2548
ABUW_3260,870,870
ABUW_3261,3233,3233
ABUW_3262,1891,1891
ABUW_3263,294,294
ABUW_3264,234,234
ABUW_3265,164,164
ABUW_3266,492,492
ABUW_3267,532,532
ABUW_3268,414,414
ABUW_3269,308,308
polA,4861,4861
ABUW_3271,797,797
proC,1460,1460
tilS,597,597
accA,6449,6449
ppx,2378,2378
trx,1727,1727
rho,9706,9706
ABUWs070,6973,6973
ABUW_3278,12196,12196
ihfA,657,657
pheT,6247,6247
pheS,2789,2789
ABUW_3282,504,504
ABUW_3283,120,120
rplT,41150,41150
rpmI,34375,34375
ABUW_3286,250,250
ABUW_3287,23,23
ABUW_3288,275,275
infC,4695,4695
thrS,16957,16957
ABUW_3291,34,34
ABUW_3292,845,845
ptsO,833,833
ABUW_3294,2259,2259
panC,2747,2747
panB,2897,2897
folK,659,659
pcnB,3118,3118
ABUW_3299,177,177
ABUW_3300,244,244
ABUW_3301,40,40
relA,5280,5280
rumA,2140,2140
ABUW_3304,1574,1574
cysM,3149,3149
ABUW_3306,1474,1474
ABUW_3307,129,129
ABUW_3308,205,205
hyi,294,294
ABUW_3310,2788,2788
ABUW_3311,106,106
pntB,602,602
pntA2,123,123
pntA1,688,688
ABUW_3315,83,83
ABUW_3316,110,110
ABUW_3317,772,772
ABUW_3318,1023,1023
ABUW_3319,1433,1433
copB,89,89
copA,246,246
ABUW_3322,19,19
copR,217,217
copS,205,205
actP1,119,119
copC,3,3
copD,19,19
ABUW_3328,22,22
ABUW_3329,2,2
ABUW_3330,19,19
ABUW_3331,18,18
ABUW_3332,3,3
ABUW_3333,21,21
ABUW_3334,3,3
ABUW_3335,2,2
ABUWs071,183,183
ABUW_3336,12,12
ABUW_3337,293,293
ABUW_3338,42,42
ABUW_3339,102,102
ABUW_3340,18,18
ABUW_3341,346,346
dusA,612,612
ABUW_3343,1236,1236
ABUW_3344,55,55
ABUW_3345,747,747
acnA,371,371
ABUW_3347,160,160
ABUW_3348,547,547
ABUW_3349,381,381
prfC,3497,3497
ABUW_3351,121,121
ABUW_3352,42,42
ABUW_3353,11,11
ABUWs072,8,8
ABUWs073,84,84
ABUW_3354,592,592
ilvC,9579,9579
ilvN,1992,1992
ilvB,5874,5874
ABUW_3358,4,4
leuS,10228,10228
ABUW_3360,1950,1950
holA,818,818
ABUW_3362,406,406
macB,605,605
ABUW_3364,400,400
fabI,4991,4991
ABUW_3366,3924,3924
orn,1242,1242
engC,1482,1482
ABUW_3369,2019,2019
grxC,1322,1322
secB,2872,2872
ABUW_3372,110,110
ABUW_3373,5166,5166
ABUW_3374,7956,7956
ABUW_3375,3674,3674
hisS,7861,7861
ispG,3520,3520
ABUW_3378,4005,4005
pilF,2387,2387
ABUW_3380,5825,5825
ndk,15315,15315
ABUW_3382,547,547
ABUW_3383,69,69
ABUW_3384,107,107
prc,1926,1926
nagZ,838,838
ABUW_3387,49,49
ABUW_3388,315,315
proA,2557,2557
gapN,977,977
gntK,1462,1462
gntT,3697,3697
eda,2634,2634
edd,9226,9226
ackA,227,227
pta,428,428
fumA,18481,18481
ABUW_3398,154,154
ABUW_3399,71,71
clpX,4475,4475
clpP,2271,2271
tig,35279,35279
ABUW_3403,17407,17407
piuC,1426,1426
leuA,1062,1062
metX,1670,1670
metW,3221,3221
ABUW_3408,3487,3487
rdgB,1121,1121
ABUW_3410,143,143
tatA,17,17
tatB,16,16
tatC,27,27
ABUW_3414,173,173
ABUW_3415,40,40
ABUW_3416,62,62
lgt,764,764
ABUW_3418,97,97
ABUW_3419,69,69
thyA,2357,2357
folA,864,864
ABUW_3422,869,869
msrA,1617,1617
ABUW_3424,2751,2751
ABUW_3425,6232,6232
ABUW_3426,3760,3760
purU,3776,3776
ABUW_3428,614,614
calB,1587,1587
rpmB,61569,61569
rpmG,14547,14547
ABUW_3432,1451,1451
ABUW_3433,209,209
ABUW_3434,975,975
ABUW_3435,158,158
ABUW_3436,257,257
ABUW_3437,758,758
ABUW_3438,37,37
ABUW_3439,103,103
topA,4471,4471
ABUW_3441,777,777
ABUW_3442,195,195
ABUW_3443,178,178
ABUW_3444,128,128
uup,2679,2679
ABUW_3446,56,56
lpxL,691,691
ABUW_3448,386,386
dctA,14002,14002
ABUWs074,1522,1522
ABUW_3450,235,235
asd,5681,5681
ABUW_3452,1223,1223
ABUW_3453,701,701
ABUW_3454,1692,1692
truA,1001,1001
ABUW_3456,746,746
infA,2661,2661
ABUW_3458,33,33
ABUW_3459,15,15
leuB,1867,1867
ABUW_3461,1607,1607
leuD,82,82
leuC,269,269
ABUW_3464,32,32
ABUW_3465,379,379
ABUW_3466,675,675
nudH,1026,1026
ptsP,1865,1865
katG,516,516
ABUW_3470,463,463
ABUW_3471,839,839
ABUW_3472,115,115
ABUW_3473,103,103
ABUW_3474,83,83
ABUW_3475,817,817
rluC,925,925
ABUW_3477,175,175
ABUWs075,3246,3246
rne,20171,20171
ABUW_3479,1260,1260
ABUW_3480,7,7
ABUW_3481,2,2
ABUW_3482,27,27
ABUW_3483,31,31
ABUW_3484,877,877
ABUW_3485,83,83
abeM,589,589
ABUW_3487,25,25
ABUW_3488,9,9
ABUW_3489,446,446
rpmE2,133,133
ABUW_3491,880,880
crcB,31,31
ABUW_3493,289,289
ABUW_3494,360,360
ABUW_3495,225,225
ABUW_3496,157,157
ABUW_3497,988,988
hemH,827,827
ABUW_3499,142,142
murI2,625,625
ABUW_3501,205,205
etfD,8244,8244
ABUW_3503,16,16
sirA,205,205
corC,1488,1488
lnt,1495,1495
csaA,77,77
ABUW_3508,233,233
ABUW_3509,454,454
gspF,421,421
priA,493,493
ABUW_3512,768,768
hslO,1128,1128
ABUW_3514,46,46
cbpA,338,338
ABUW_3516,53,53
ABUW_3517,355,355
pnp,17918,17918
rpsO,35948,35948
ABUW_3520,56,56
ABUWs076,929,929
ABUWs077,2355,2355
recD,404,404
recB,1511,1511
recC,1388,1388
ABUW_3524,332,332
pap,145,145
ABUW_3526,240,240
ubiE,3682,3682
ABUW_3528,1620,1620
ubiB,2579,2579
ABUW_3530,78,78
hisIE,2263,2263
ABUW_3532,1598,1598
ABUW_3533,677,677
phaAB,4826,4826
phaC,804,804
phaD,2881,2881
phaE,618,618
phaF,395,395
phaG,262,262
rbfA,3651,3651
infB,52630,52630
nusA,28607,28607
ABUW_3543,3324,3324
ABUW_3544,4,4
ABUW_3545,3,3
ABUW_3546,152,152
secG,1398,1398
tpiA,3764,3764
pilB,837,837
pilC,334,334
pilD,335,335
coaE,252,252
ABUW_3553,508,508
ABUW_3554,2144,2144
ABUW_3555,1991,1991
ABUW_3556,246,246
recN,1397,1397
ABUW_3558,1027,1027
ABUW_3559,648,648
ABUW_3560,397,397
ABUW_3561,62,62
ABUW_3562,516,516
ABUW_3563,441,441
ABUWs078,16,16
alkB,77,77
ada,96,96
pgsA,366,366
ABUW_3567,59,59
uvrC,676,676
ABUW_3569,904,904
lpxO,3266,3266
ABUW_3571,1982,1982
fadB,5450,5450
fadA,2561,2561
ABUW_3574,212,212
ABUW_3575,77,77
ABUW_3576,93,93
ABUW_3577,31,31
ABUW_3578,1068,1068
ABUW_3579,265,265
ABUW_3580,17,17
htpG,633,633
ABUW_3582,69,69
ABUW_3583,2860,2860
ABUW_3584,3421,3421
ABUW_3585,231,231
ABUW_3586,60,60
ABUW_3587,11,11
ABUW_3588,210,210
rpoC,193666,193666
rpoB,149212,149212
rplL,61761,61761
rplJ,125994,125994
rplA,99940,99940
rplK,99141,99141
nusG,30438,30438
secE,21588,21588
ABUW_3597,1,1
tuf2,80748,80748
ABUW_3599,28,28
ABUW_3600,7,7
ABUW_3601,999,999
ABUW_3602,54,54
trpE,1512,1512
gph,518,518
ABUW_3605,980,980
gspD,1440,1440
ABUW_3607,533,533
ABUW_3608,255,255
ABUW_3609,881,881
ABUW_3610,93,93
ABUW_3611,538,538
ABUW_3612,515,515
hemD,188,188
hemC,1182,1182
algR,129,129
algZ,109,109
argH,7338,7338
ABUW_3618,1214,1214
ABUWs079,0,0
phoU,769,769
tolC,252,252
ABUW_3621,64,64
ABUW_3622,104,104
ABUW_3623,164,164
ABUWs080,364,364
thiC,272,272
ABUW_3625,292,292
icc,162,162
dksA,11455,11455
ABUW_3628,1583,1583
ftsW,3029,3029
murD,2514,2514
ABUW_3631,622,622
feoB,7665,7665
feoA,1408,1408
xerD,238,238
dsbC1,1442,1442
hom,5905,5905
thrC,13129,13129
pbpG,5089,5089
gacA,1321,1321
pilS,249,249
pilR,330,330
ABUW_3642,1070,1070
gpmI,5765,5765
ABUW_3644,1798,1798
ABUW_3645,2579,2579
pepA,3100,3100
holC,313,313
ABUW_3648,385,385
ABUW_3649,128,128
ribE,1293,1293
ABUW_3651,2499,2499
ribD,1748,1748
nrdR,1473,1473
amt,643,643
glnK,1318,1318
ABUW_3656,225,225
ABUW_3657,155,155
ABUW_3658,313,313
ABUW_3659,1302,1302
ABUW_3660,310,310
ABUW_3661,164,164
lspA1,63,63
cadA,166,166
cadR,371,371
ABUW_3666,127,127
arsC2,190,190
arsR2,151,151
arsC,220,220
arsB,449,449
arsH,379,379
trxB2,504,504
trkA,221,221
ABUW_3674,147,147
ABUW_3675,159,159
tniC,242,242
tniB,676,676
tniA,206,206
ABUW_3679,8,8
ABUW_3680,85,85
ABUW_3681,8,8
ABUW_3682,23,23
ABUW_3683,45,45
ABUW_3684,0,0
ABUW_3685,4873,4873
ppa,8342,8342
ABUW_3687,184,184
ABUW_3688,168,168
fadD,4100,4100
parC,2387,2387
ABUW_3691,583,583
ABUW_3692,753,753
ABUW_3693,117,117
ABUW_3694,2975,2975
ABUW_3695,267,267
ABUW_3696,362,362
ABUW_3697,645,645
ABUW_3698,191,191
dinP,352,352
ABUW_3700,23,23
ABUW_3701,750,750
ABUW_3702,99,99
ABUW_3703,4235,4235
ABUW_3704,36,36
ABUW_3705,38,38
ABUW_3706,2126,2126
ABUW_3707,4305,4305
ABUWs081,186,186
ABUW_3708,74,74
cysK,678,678
ABUW_3710,93,93
ABUW_3711,0,0
ABUW_3712,0,0
ABUW_3713,0,0
ABUW_3714,0,0
ABUW_3715,0,0
ABUW_3716,34,34
ABUW_3717,71,71
ABUW_3718,259,259
ABUW_3719,2750,2750
ABUW_3720,1712,1712
def1,5270,5270
ABUW_3722,490,490
dprA,253,253
ABUW_3724,406,406
ABUWs082,0,0
ABUW_3725,405,405
ABUW_3726,173,173
ABUW_3727,253,253
ABUW_3728,41,41
ABUW_3729,1040,1040
ABUW_3730,286,286
atpC,44466,44466
atpD,163947,163947
atpG,83006,83006
atpA,192308,192308
atpH,56283,56283
atpF,49450,49450
atpE,40423,40423
atpB,82839,82839
atpI,6125,6125
znuA,1311,1311
zur,1248,1248
znuC,1589,1589
znuB,1145,1145
rhtB,272,272
tyrA,1716,1716
sfcA,5732,5732
argS,8630,8630
ABUW_3748,1912,1912
ABUW_3749,267,267
ABUW_3750,207,207
ABUW_3751,564,564
ABUW_3752,86,86
ABUW_3753,119,119
ABUW_3754,270,270
guaA,27588,27588
ABUW_3756,425,425
ABUW_3757,32,32
ABUW_3758,477,477
ABUW_3759,533,533
ABUW_3760,464,464
ABUW_3761,607,607
sirB,302,302
ABUW_3763,380,380
ABUW_3764,2,2
ABUW_3765,1,1
ABUW_3766,15,15
ABUW_3767,77,77
ABUW_3768,46,46
ABUW_3769,104,104
ABUW_3770,90,90
ABUW_3771,1,1
ABUW_3772,12,12
ABUW_3773,32,32
ABUW_3774,42,42
ABUW_3775,13,13
cepI,3,3
ABUW_3777,12,12
ABUW_3778,78,78
ABUW_3779,33,33
ABUW_3780,60,60
ABUW_3781,27,27
mmsB,20,20
mmsA1,38,38
ABUW_3784,49,49
cycA1,2563,2563
cycA2,72,72
ABUW_3787,84,84
dadX,217,217
dadA2,660,660
lrp,66,66
ABUW_3791,60,60
ABUW_3792,295,295
ABUW_3793,200,200
ABUW_3794,386,386
ABUW_3795,226,226
ABUW_3796,34,34
ABUW_3797,3,3
ABUW_3798,98,98
ABUW_3800,2,2
ABUW_3801,8,8
ABUW_3803,1,1
ABUW_3804,6,6
ABUWs083,31,31
ABUW_3805,105,105
acnD,1413,1413
prpC,593,593
prpB,353,353
ABUW_3809,139,139
araT,5979,5979
dld,2064,2064
lldD,3157,3157
lldR,948,948
lldP,5000,5000
manB,1789,1789
galE,636,636
pgi,806,806
ABUW_3818,966,966
galU,1087,1087
ABUW_3820,4550,4550
ABUW_3821,3595,3595
ABUW_3822,1932,1932
ABUW_3823,1552,1552
ABUW_3824,2926,2926
ABUW_3825,359,359
ABUW_3826,1174,1174
ABUW_3827,342,342
ABUW_3828,18477,18477
ABUW_3829,17429,17429
ABUW_3830,4259,4259
wza,6972,6972
ptp,2223,2223
ptk,10065,10065
fkpA,2752,2752
fklB,717,717
mviN,1965,1965
ampD,336,336
nadC,2067,2067
ABUW_3839,22,22
plc2,38,38
rph,2365,2365
ABUW_3842,164,164
ABUW_3843,461,461
ABUW_3844,1245,1245
ABUW_3845,409,409
dsbA,1177,1177
ubiG,1108,1108
ABUW_3848,1014,1014
ABUW_3849,847,847
ABUW_3850,348,348
ABUW_3851,20,20
argA,842,842
ssuA1,13,13
ssuA2,27,27
ssuD,32,32
ssuC,22,22
ssuB,36,36
ABUW_3858,745,745
ABUW_3859,255,255
ABUW_3860,75,75
ribF,2373,2373
ileS,16293,16293
lspA2,2554,2554
fkpB,2451,2451
ABUW_3865,235,235
ABUW_3866,137,137
ABUW_3867,0,0
ABUW_3868,0,0
ABUW_3869,0,0
ABUW_3870,0,0
ABUW_3871,0,0
ppiA,349,349
estA,303,303
ABUW_3874,42,42
ABUW_3875,63,63
ABUW_3876,207,207
ABUW_3877,262,262
grpE,518,518
dnaK,4798,4798
ABUW_3880,71,71
ABUW_3881,79,79
ABUW_3882,483,483
ABUW_3883,1481,1481
ABUW_3884,5,5
purK,8266,8266
purE,5322,5322
ABUW_3887,175,175
mpl,1937,1937
ltrA,226,226
ABUW_3890,180,180
ABUWs084,78,78
ABUW_3891,151,151
ABUW_3892,58,58
ABUW_3893,138,138
ABUW_3894,13,13
guaD2,1141,1141
ABUW_3896,43,43
hpt,1491,1491
ABUW_3898,93,93
dsbC2,202,202
ABUW_3900,63,63
ABUW_3901,132,132
trmE,1757,1757
oxaA,26431,26431
ABUW_3904,3542,3542
rnpA,5340,5340
rpmH,5574,5574