gene,AB5075_UT1,AB5075_T1,AB5075_UT2,AB5075_T2,AB5075_UT,AB5075_T3
dnaA,12116,12128,9883,4938,10340,27355
dnaN,7749,733,9298,5063,6328,9958
recF,1375,157,2025,1449,1686,821
gyrB,5608,492,8008,5923,6703,5357
ABUW_0005,8537,5365,11540,6665,19994,20191
ABUW_0006,11249,2508,11604,6421,10316,14132
ABUW_0007,809,1013,889,726,1251,2471
ABUW_0008,1958,177,463,509,1820,1366
ABUW_0009,6,1451,6652,5305,7181,8541
adeT,11748,14,53,32,25,104
ABUW_0011,764,36,49,37,40,107
ABUW_0012,777,115,153,72,148,258
anmK,466,194,2647,1887,1660,2564
tyrS,2869,11997,8426,4805,7722,21896
ABUW_0015,10574,933,1882,989,464,3064
ABUW_0016,3844,3343,2936,1913,3756,11766
ABUW_0017,7665,138,170,361,371,2533
ABUW_0018,1,0,0,0,4,9
ABUW_0019,248,0,0,0,0,0
ABUW_0020,0,1861,6269,6387,10490,4094
ABUW_0021,0,6003,10540,10855,16263,12573
ABUW_0022,5270,1284,6412,5941,2175,5807
ABUW_0023,10189,852,2749,2289,1185,3544
sun,10529,122,740,385,1428,638
fmt,4527,2310,411,361,1169,1875
ilvD,599,3018,650,462,2324,2650
ABUW_0027,2207,643,1781,1135,1197,1793
ABUW_0028,1556,6,32,45,39,61
ABUW_0029,1885,36,297,172,86,222
ABUW_0030,21,4,3,2,3,12
ppc,145,75,1533,520,812,708
ABUW_0032,3713,15,335,217,195,255
ABUW_0033,2138,25902,89722,59286,44344,137430
ABUW_0034,25145,640,9045,5111,2019,8418
ABUW_0035,23954,766,3675,1818,2845,3251
ABUW_0036,0,2,13,13,3,5
dnaJ,168,0,0,1,1,2
ABUW_0038,4,3,2,0,4,9
dapB,1572,0,0,0,0,1
ABUW_0040,438,1,3,2,3,12
ABUW_0041,1180,1015,349,206,344,728
alrA,465,21,55,39,48,116
ABUW_0043,62,28,97,65,110,144
ABUW_0044,12,1,14,8,20,24
ABUW_0045,0,57,142,95,162,410
ABUW_0046,90,566,1202,918,529,1837
tag,83,6,17,23,31,47
ABUW_0048,73,1,8,8,1,14
ABUW_0049,26,459,4626,2312,3167,2605
mutY,120,3,38,16,18,47
ABUW_0051,6,47,86,92,35,206
ABUW_0052,0,24,7,11,3,27
ABUW_0053,0,25,35,23,12,69
ABUW_0054,0,6,54,39,10,47
ABUW_0055,0,0,0,0,0,0
ABUW_0056,0,8,10,6,27,31
ABUW_0057,0,2,0,0,0,1
ABUW_0058,0,22,176,93,29,216
purC,1,349,1304,390,879,602
ABUW_0060,1,0,1,0,0,0
dapA,5,0,4,0,4,1
pncA,1,4,4,3,1,11
ABUW_0063,73,0,0,0,1,0
ABUW_0064,101,0,0,3,2,2
ABUW_0065,86,5,14,6,5,32
hppD,10,1,38,21,22,52
hmgR,279,575,4861,4303,2470,1069
ABUW_0068,51,508,3419,4032,2109,1019
maiA,146,44,326,462,127,284
fahA,433,931,2532,1962,1609,956
aroP1,1688,1074,3777,3820,3509,1113
ABUW_0072,0,1,5,2,2,35
ABUW_0073,132,4266,59482,85677,30542,8491
ABUW_0074,181,14,53,17,11,34
hutC,63,51,132,124,52,199
ABUW_0076,274,1434,2499,3584,2089,2633
hutU,513,314,275,395,442,775
hutH,127,182,76,179,120,397
ABUW_0079,157,260,91,262,155,649
hutI,2210,238,57,110,136,464
hutG,0,51,36,114,81,265
ABUW_0082,0,90,27,80,15,316
ABUW_0083,1786,25,8,39,12,111
murI1,103,4338,5053,8178,9912,15934
ABUWs001,511,638,1053,2073,1864,5310
ABUW_0085,0,0,0,0,1,5
ABUW_0086,52,0,1,0,12,35
ABUW_0087,18,545,1545,755,533,2386
ABUW_0088,329,31,94,68,142,430
glmS,371,1,2,0,1,18
glmU,1192,20,40,26,47,182
pgpA,5,7,20,12,12,49
thiL,30,16,22,35,46,61
nusB,1317,98,49,72,100,214
ribH,5,45,345,197,756,170
ribB1,109,205,967,641,833,374
ABUW_0096,192,3,7,8,0,5
serB,947,3,85,85,24,125
ABUW_0098,231,2668,1283,1672,3887,3002
ABUW_0099,81,1,9,7,8,34
dtd,43,23,217,95,109,136
pncB,37,29,48,38,22,104
ABUW_0102,44,4,27,18,20,28
psd,69,131,163,102,52,255
ABUW_0104,184,12,30,11,15,69
phoR,1777,11,29,31,13,76
phoB,329,9,64,66,42,201
ABUW_0107,431,276,686,706,458,2018
ABUW_0108,5387,124,146,225,76,331
ABUW_0109,50610,884,918,388,368,329
ABUW_0110,24,27,88,117,70,440
ABUW_0111,118,84,122,226,71,833
ABUW_0112,543,62,103,217,62,686
ABUW_0113,6096,51,146,271,68,739
gshA,243267,588,1019,971,591,3127
dsbB,1,198,391,1231,978,345
ABUW_0116,1514,858,524,1695,1168,670
ABUW_0117,3047,517,3207,2285,4470,3833
ABUW_0118,242,3389,57842,63700,37620,8788
ABUW_0119,547,0,4,6,0,6
ABUW_0120,27,15,9,20,1,86
ABUW_0121,30,498,552,534,205,352
ABUW_0122,74,3184,3567,3472,4239,6514
ABUW_0123,48,4064,953,300,8631,296
parE,74,98,179,123,68,178
allA,133,99,1811,784,842,946
allC,74,165,30,30,73,260
ABUW_0127,83,44,64,115,39,212
ABUW_0128,98,4,9,11,19,18
ABUW_0129,3,13,14,9,24,50
uraH1,30,35,28,34,38,99
ABUW_0131,2320,164,13,11,37,167
ABUW_0132,0,11,16,39,24,76
ABUW_0133,125,196,41,53,59,148
ABUW_0134,72,134,14,27,41,83
ABUW_0135,67,40,40,64,52,147
dsbD,56,83,43,75,60,149
ABUW_0137,333,25,123,93,35,283
est,2022,104,128,167,47,669
ABUW_0139,10035,30317,15877,22951,25838,7086
ABUW_0140,810,1,1,0,0,1
ABUWs002,71,8,10,11,3,23
xth,175,8,1,5,6,25
pyrE,1253,0,6,12,4,30
ABUW_0143,6546,11,12,14,2,37
ABUW_0144,124,23,103,104,40,212
gshB,122,624,2230,694,2895,722
murG,166,973,2140,2656,4072,3898
murC,267,430,492,396,765,827
ddlB,235,17,23,35,39,68
ftsQ,945,13,167,168,53,289
ftsA,255,1095,1028,1022,2951,2071
ftsZ,851,7630,9156,13216,15665,16081
lpxC,1320,9,20,26,35,107
ABUW_0153,123,10,29,23,29,85
ABUW_0154,136,7,39,28,24,77
aceE,157,19,72,76,26,116
aceF,180,188,86,81,215,231
ABUW_0157,86,148,360,435,818,544
ABUWs003,104,1,0,2,1,8
ABUW_0158,74,1,10,9,2,16
ABUW_0159,45,56,23,17,23,83
ABUW_0160,66,137,108,95,452,588
ABUW_0161,73,128,351,554,206,355
guaB,16,9683,6430,5508,14411,3050
glmM,205,30,118,133,37,56
pdxH,103,64,128,131,48,142
recJ,197,60,152,148,58,180
ABUW_0166,412,595,202,266,183,340
prfB,734,299,64,99,67,193
ABUW_0168,298,244,100,163,43,133
ABUW_0169,234,194,109,192,91,205
xenB,43839,130,47,100,33,80
kdtA,677,167,74,190,16,122
ABUW_0172,164,233,74,149,37,201
ABUW_0173,345,31,45,77,9,81
ABUW_0174,845,589,127,241,164,389
acsA,295,1479,77,149,112,370
ABUW_0176,299,75,142,295,64,180
ABUW_0177,166,1773,238,490,218,1009
ABUW_0178,295,1877,329,493,350,1077
msuE,797,18,100,119,56,115
ABUW_0180,65,16,74,101,144,98
ABUW_0181,88,11024,43435,11424,23947,9531
ABUW_0182,1424,292,1262,2008,946,667
ABUW_0183,267,92,682,555,763,316
ABUW_0184,2134,539,354,719,680,2280
ABUW_0185,171,3591,250,531,565,2942
ABUW_0186,244,17178,183,512,852,2634
ABUW_0187,166,2244,107,406,277,1086
ABUW_0188,161,1514,245,712,454,2388
uvrA,1731,499,6471,11232,6025,3862
ABUW_0190,5170,4081,1368,11585,1378,12424
ABUW_0191,24539,200,407,634,329,1400
ABUW_0192,0,13998,6859,11961,5991,25467
ABUW_0193,1635,400,1165,2303,377,1887
ABUW_0194,3889,2802,6628,7788,12607,12217
ABUW_0195,2952,15,19,31,23,95
ABUW_0196,5482,36,31,40,50,145
ssb,4624,2,7,19,15,89
ABUW_0198,45,20,19,35,67,107
ABUW_0199,7596,54,753,751,145,2235
ABUW_0200,54,391,2260,618,2379,1529
gabP,41,3254,8725,2010,9447,4685
ABUW_0202,40,2,0,1,0,0
gabT,120,1104,319,327,410,1040
gabD1,438,1432,2272,4172,2574,9374
ABUW_0205,12,7430,1239,2350,3506,14902
ABUW_0206,10,7584,1849,4123,4829,25796
ABUW_0207,165,636,1107,2965,825,5668
ABUWs004,132,0,17,11,13,19
ABUW_0208,308,671,1331,2045,1042,5462
ABUW_0209,64,161,762,737,189,848
ABUW_0210,39,123,642,726,203,773
ABUW_0211,64,173,549,869,197,1185
ABUWs005,149,232,176,114,223,691
ABUW_0212,275,8,24,24,22,107
ABUW_0213,2409,11,9,19,14,105
ABUW_0214,294,65,20,51,51,306
ABUW_0215,691,298,62,96,93,504
ABUW_0216,1278,47,456,451,142,597
ABUW_0217,1047,106,1671,2662,1517,339
ABUW_0218,618,24,185,74,1187,55
ABUW_0219,1645,113,117,109,70,160
ABUWs006,1352,242,220,180,271,592
ABUW_0220,1711,923,356,467,315,967
ABUW_0221,23,213,103,192,63,325
ABUW_0222,449,3984,191,330,310,1818
ABUW_0223,548,2789,221,425,353,1447
ABUW_0224,1090,1526,359,532,310,1065
ABUW_0225,470,5,22,26,3,248
ABUW_0226,316994,3574,223,381,427,635
ABUW_0227,127256,101,261,281,132,262
ABUW_0228,1277,142,319,316,119,542
ABUW_0229,172,71,180,165,101,211
ABUW_0230,269,807022,487997,450302,539857,177755
ABUW_0231,0,321921,188299,174358,319427,83752
trkD,24,1144,530,1183,137,289
ABUW_0233,46,1058,1690,3075,767,1188
ABUW_0234,13,0,81,28,30,54
ABUW_0235,44,207,100,46,229,548
ABUW_0236,330,0,0,1,0,0
aqpZ,226,190,16,46,125,1579
ABUW_0238,2100,94,25,98,124,1296
ABUW_0239,634,45,14,45,111,1066
hisF,288,17,29,87,74,535
ABUW_0241,12889,33,177,321,417,1569
ABUW_0242,0,65,66,54,41,167
ABUW_0243,63922,877,1388,1487,470,2930
ABUW_0244,4,197,369,194,370,101
ABUW_0245,1268,273,476,311,153,95
hisA,470,3399,7772,4196,3670,2357
ABUW_0247,0,0,0,0,1,0
ABUW_0248,176,255824,52986,24559,66243,71651
hisH,27,1320,163,238,320,616
hisB,7,986,366,201,1071,1059
ABUW_0251,8,0,0,0,0,0
ABUW_0252,26,8,93,75,100,599
ABUW_0253,0,3,11,8,13,69
ABUW_0254,65,3,4,4,1,99
ABUW_0255,2947,14,23,24,25,385
envZ,4004,16,22,45,60,667
ompR,4228,8,1,3,2,48
ABUW_0258,1062,73,56,79,180,705
ABUW_0259,1676,250,1169,453,1295,720
acr1,3078,487,1380,673,627,1000
metY,4782,385,1686,986,707,1600
ABUW_0262,6406,60,603,307,477,1071
ABUW_0263,2259,138,1800,768,1121,2142
ABUW_0264,738,770,2309,1559,1620,4824
ABUW_0265,224,3525,2876,2859,1564,10655
czcC,14084,4511,4442,4614,4875,16148
czcB,25532,1322,1909,1879,2708,1102
czcA,8407,594,887,569,982,1393
czcD,19,116,175,136,68,445
ABUW_0270,855,336,1181,678,858,1562
ABUW_0271,1516,4598,3641,4258,7570,15411
ABUW_0272,9,485,676,825,181,921
ABUW_0273,87,113,25,27,26,50
ABUW_0274,5,736,43,58,53,168
ABUW_0275,672,19,26,46,38,54
ABUW_0276,249,3,1,0,1,1
ABUW_0277,341,2458,923,936,613,2495
gltX,1021,253,373,436,86,521
ABUW_0279,2,1337,659,803,923,973
sbp,12,658,911,867,982,829
mraW,282,0,0,1,0,3
ftsL,199,7,29,47,12,336
ftsI,3114,3,2,2,2,12
murE,330,8,94,81,141,193
murF,444,89,71,101,96,210
mraY,408,6466,4330,349,5721,2617
ABUW_0287,2627,17,104,193,30,751
rrm,165,41,103,192,53,837
ABUW_0289,1192,20,120,193,58,748
ABUW_0290,379,99,754,944,319,3479
comN,45,13,39,47,7,154
comO,2,70,80,88,10,310
comL,39,738,504,680,1600,3794
comQ,180,15253,3204,13963,19529,76492
aroK,8,366,848,3186,514,9684
aroB,14,236,84,339,62,1287
ABUW_0297,8,23,14,100,8,420
gltB,13,113,92,678,34,1672
gltD,148,1157,242,2490,634,9050
ABUW_0300,141,100,20,196,36,622
ABUW_0301,11,119,15,159,75,648
ABUW_0302,39,141,28,299,15,770
ABUW_0303,59,200,9,96,74,673
ABUW_0304,29,2103,759,1671,1380,7075
ABUW_0305,31,995,716,1384,303,2001
bfr1,30,8,14,56,11,151
ABUW_0307,23,20,57,95,16,284
ABUW_0308,45,32,263,167,41,189
ABUW_0309,113,64,64,53,59,65
rpoZ,276,9,47,53,44,52
gmk,430,66,68,109,17,114
ispH,3591,128,127,163,67,188
fimT,5,53,58,85,15,148
pilV,212,1,0,0,1,6
pilW,1,115,527,1027,443,471
pilX,5188,252,397,665,387,457
pilY,5416,52,310,617,360,418
comE,2,195,342,720,146,651
comF,1408,105,305,615,102,660
rpsP,135,155,860,1050,206,2324
rimM,134,164,1102,1365,1304,3642
trmD,125,459,1717,874,540,808
rplS,736,612,7560,1861,2556,2467
ABUW_0324,692,1,2,5,14,21
lifO,865,61,521,378,210,645
truB,913,1,1,0,0,0
ABUW_0327,579,2160,6992,5233,3781,2957
ABUW_0328,260,2403,5868,4579,7270,3911
ABUW_0329,3424,0,1,0,0,0
ABUW_0330,678,525,332,131,377,1396
serA,381,18,50,36,57,104
ABUW_0332,2,39,43,38,141,204
ABUW_0333,401,71,49,49,101,190
ABUW_0334,151,57,123,408,112,747
mdaB,238,49,90,330,134,665
ABUW_0336,257,416,110,142,218,1143
mdfA,210,47,397,232,359,691
ABUW_0338,2041,102,107,169,215,909
sodC,8450,54,572,83,601,767
ABUW_0340,1624,16644,5048,5098,19960,11268
ABUW_0341,3081,77,351,167,138,509
ABUW_0342,8655,43,197,82,278,304
ABUW_0343,1,6,2,2,2,5
ABUW_0344,1224,132,201,179,375,241
ABUW_0345,373,125,73,71,107,119
ABUW_0346,59,64,159,127,149,112
ABUW_0347,2877,355,129,120,174,230
ABUW_0348,1791,58,87,107,71,178
ABUW_0349,2083,698,3933,3414,6982,2504
gdh,1203,6318,333,1117,90,414
ABUW_0351,384,844,33,182,32,108
astA1,37,336,53,176,23,127
astD,369,619,187,560,98,432
astB,14,7,52,80,72,153
astE,26,27,71,131,50,285
ABUW_0356,59,12,25,29,11,110
ABUW_0357,1286,1324,246,476,557,6384
ABUW_0358,827,299,1041,849,1558,513
ABUW_0359,1137,1585,1427,1055,2902,1134
ABUW_0360,20,425,830,717,532,320
ABUW_0361,31,498,132,158,103,940
ABUW_0362,110,143,23,23,147,113
ABUW_0363,199,55,96,70,199,263
ABUW_0364,670,11,20,8,8,19
ABUW_0365,2265,114,14,19,56,74
glyS,250,28,27,41,50,52
glyQ,238,139,564,173,287,485
ABUW_0368,88,103,447,136,323,323
ABUW_0369,44,48,824,281,154,293
ABUW_0370,23,1,23,22,31,61
ABUW_0371,1,17,84,120,49,236
ABUW_0372,262,195,131,219,101,898
ABUW_0373,255,86,191,244,77,500
ABUW_0374,176,30,215,126,56,411
ABUW_0375,1556,736,1327,969,2340,4544
aroE,1425,78,134,76,229,337
hemF,5,20,70,94,84,382
ribA,2922,14,25,43,48,242
dxs,5190,36,21,20,45,153
suhB,1873,3,20,13,20,51
ABUWs007,467,25,152,91,104,253
ABUW_0381,237,115,202,135,145,586
ABUW_0382,69,17,82,72,17,119
mlaF,13,561,716,405,838,1529
mlaE,14012,22,723,390,607,71
mlaD,526,650,2311,2003,1767,7055
mlaC,32150,6537,3016,2170,4373,23642
mlaB,7,5452,1213,863,1572,23838
corA,165,9,70,39,27,83
ABUW_0389,467,20,9,12,16,43
ABUW_0390,1430,6,8,8,9,17
ABUW_0391,399,51,81,24,109,88
recG,11495,0,5,5,11,9
ABUW_0393,11061,22633,55977,13106,37770,12529
ABUW_0394,3604,36,322,138,87,136
plsB,1684,23507,53546,13094,121528,19670
tesB,6,0,0,1,0,1
ABUW_0397,163,55,182,114,90,187
ABUW_0398,3,53,433,371,452,721
ABUW_0399,7451,295,1203,957,578,1737
ABUW_0400,3115,16,98,179,17,257
ABUW_0401,12225,14177,6190,16238,27259,93323
ABUW_0402,2332,13623,3704,8711,22280,53055
ABUW_0403,7442,4782,1576,1127,6789,4865
ABUW_0404,18058,9641,1250,2300,4123,10640
rpsJ,15988,0,7,8,5,13
rplC,98,34,278,629,213,1480
rplD,383,2891,3509,3081,10617,8023
rplW,19,483,2888,1789,2627,2065
rplB,242,2493,25324,14033,10946,4993
rpsS,449,274,164,392,132,1011
rplV,284,1622,588,1188,621,3940
rpsC,1596,13883,1724,1563,3784,10401
rplP,59,3329,1472,1911,2807,10392
rpmC,40,12,103,79,94,102
rpsQ,71,21,38,52,10,75
rplN,0,5,4,12,4,44
rplX,33,34,47,32,20,43
rplE,30,37,190,166,101,77
rpsN,1,215,557,466,663,267
rpsH,36,22,495,325,254,241
rplF,5,1,36,12,48,11
rplR,9,28,25,14,66,40
rpsE,51,0,0,0,0,0
rpmD,0,65,10,6,71,36
rplO,2379,1,19,10,9,10
secY,915,4,16,9,22,28
rpmJ,15,24,154,96,49,53
rpsM,159,4,47,21,17,22
rpsK,106,0,16,10,22,23
rpsD,10,17,59,32,16,43
rpoA,12,0,0,0,3,0
rplQ,15,148,169,150,431,827
ABUW_0433,9,390,225,212,222,1708
fadE,14,2,11,6,1,20
ABUW_0435,4,24,127,64,98,121
ABUW_0436,5,208,4556,3271,10592,5401
ABUWs008,11,6,21,27,7,39
ABUW_0437,8,16,19,37,4,39
ABUW_0438,112,14,18,41,16,82
ABUW_0439,153,18,11,18,21,87
ABUW_0440,69,3,8,14,1,50
ABUW_0441,84,19,9,23,6,49
ABUW_0442,25,9,11,27,7,41
prlC,64,16,32,41,21,66
rnr,4,21,48,74,15,125
ABUW_0445,9,261,405,656,174,1090
ABUW_0446,1725,409,1010,1582,575,2548
ABUW_0447,4331,254,250,607,80,1614
ABUW_0448,1237,253,232,534,170,1221
ABUW_0449,108,7,107,109,140,200
ABUW_0450,1035,24,14,43,31,174
ABUW_0451,895,0,0,0,0,0
ABUW_0452,749,0,0,2,1,18
ABUW_0453,628,1,0,1,2,7
ABUW_0454,1227,1,0,1,2,16
ABUW_0455,270,794,1138,651,490,2606
ABUW_0456,148,13596,1111,1187,1584,13654
wrbA,354,115,1049,993,779,1159
xpt,25839,18,37,61,102,159
ABUW_0459,213,337,826,683,461,1253
ABUW_0460,363,297,664,486,472,1018
ABUW_0461,539,5,0,1,1,15
ABUW_0462,480,544,98,140,494,1437
phoL,413,1225,166,193,307,1870
miaB,141,189,230,520,229,1467
ABUW_0465,295,59,79,40,63,316
ABUW_0466,241,55,32,19,50,324
mdh,20,154,85,71,44,322
ABUW_0468,9777,22433,20628,5797,24712,22636
ABUW_0469,10452,12,362,191,92,95
ABUW_0470,3884,48,340,188,445,334
ABUW_0471,4651,265,620,360,1081,823
pssA,12,228,249,266,108,510
ABUW_0473,368,925,152,215,224,1404
ABUW_0474,4553,18,61,95,49,155
ABUW_0475,1919,2452,2322,347,413,625
ABUW_0476,2026,1760,361,237,155,305
ABUW_0477,2,16,3,0,315,856
ABUW_0478,0,14865,1677,2462,937,1495
ABUW_0479,0,28800,918,1086,412,975
ABUW_0480,0,2147,570,558,186,391
ABUW_0481,0,82213,7446,3272,266710,33235
ABUW_0482,0,1,19,16,2,1
ABUW_0483,0,38,346,232,545,411
ABUW_0484,461,847,3120,1983,3775,3933
ABUW_0485,329,1908,1345,604,2798,3230
ABUW_0486,1518,310,1905,771,2216,2091
ABUW_0487,1322,0,2,1,0,0
ABUW_0488,1385,0,0,0,0,3
ABUW_0489,554,0,0,0,0,0
ABUW_0490,261,0,0,0,0,0
sspB,156,0,0,0,0,0
sspA,416,96,406,348,256,455
rpsI,6509,56,314,213,101,318
rplM,2613,490,2281,1881,4395,2625
pdxA,493,246,1183,1854,382,2409
ksgA,805,842,1124,1465,2558,3946
apaH,14756,181,653,677,320,828
ABUW_0498,4672,49,231,297,422,575
ABUW_0499,5039,21,78,116,172,379
ABUW_0500,19069,253,319,316,352,819
hflX,22053,606,2782,2219,1064,5887
ABUW_0502,21,1751,876,664,1294,7883
ABUW_0503,5487,146,230,218,155,597
ABUW_0504,9650,186,318,350,429,1203
ABUW_0505,1,916,7276,6370,2114,9010
ABUW_0506,9605,5854,2840,3626,6914,14883
ABUW_0507,656,1233,9788,6980,4019,6640
ABUW_0508,2838,9144,43401,20835,51909,13168
ABUW_0509,1157,7882,48551,24240,92068,14936
ABUW_0510,2398,20,59,46,42,66
ABUW_0511,908,4513,5350,4136,11722,10806
ABUW_0512,799,1000,6011,4195,5876,9737
ABUW_0513,3811,986,5218,4389,8158,21858
ABUW_0514,879,63,462,187,344,522
ABUW_0515,512,615,951,701,720,2788
ABUW_0516,26515,391,458,650,194,1114
thi3,1589,756,1350,1185,1542,3124
ABUW_0518,8264,629,339,372,362,720
ABUW_0519,703,141,520,587,278,702
ABUW_0520,365,347,2296,1480,1838,2147
ABUW_0521,940,127,408,360,518,1939
ABUW_0522,90,51,490,318,170,811
ABUW_0523,9640,10795,11820,5146,10590,27496
ABUW_0524,0,2614,1036,769,1044,1775
ispZ,5,6558,7546,4142,9699,11765
ABUW_0526,1,94,332,312,421,492
ABUW_0527,0,53,184,159,201,290
radC,3,460,379,333,207,833
coaBC,40,4,57,56,11,76
secF,1,1632,4017,2564,3284,8997
secD,0,0,0,0,0,0
yajC,1,0,0,0,0,8
tgt,0,0,0,0,0,0
ABUW_0534,0,0,0,0,5,27
ABUW_0535,0,0,0,0,0,0
queA,0,0,0,0,0,0
ABUW_0537,80,20,146,55,23,123
ABUW_0538,18166,2854,22686,6568,52136,5699
ABUW_0539,12039,653,14744,4421,7336,1895
ABUW_0540,6286,277,1101,1295,774,4802
ABUW_0541,1451,255,3008,2134,10531,794
ABUW_0542,2096,626,3770,2823,36673,1825
ABUW_0543,3108,779,6271,4478,19109,2340
ABUW_0544,10573,5566,17575,11320,60606,9215
ABUW_0545,1588,824,1206,823,2284,3587
ABUWs009,485,166,616,530,349,1653
ABUW_0546,6655,1949,3452,1885,3055,7618
ABUW_0547,3,1456,355,369,684,3439
ABUW_0548,1033,2216,784,1000,837,3641
ABUW_0549,1861,292,191,354,144,815
ABUW_0550,522,474,447,677,826,2155
ABUW_0551,1161,944,454,831,284,1861
ABUW_0552,1084,145,150,420,57,1046
ABUWs010,377,21,392,294,98,661
ABUW_0553,840,154,379,314,237,773
ABUW_0554,519,593,2377,1641,2633,4850
ABUW_0555,4235,20373,5582,3747,8766,62814
ABUW_0556,11780,2056,6399,4288,6046,14065
ABUW_0557,15368,42,206,433,130,887
ABUW_0558,3799,768,1067,1784,1169,12261
ABUW_0559,1323,7244,573,838,1176,27665
ABUW_0561,532,204,751,606,872,2439
ABUW_0562,108760,30447,69308,38686,49449,91027
ABUW_0563,89711,30104,24375,19374,16569,105089
ABUW_0564,5767,1164,1205,1729,633,7453
ABUW_0565,24227,17142,2897,4171,7030,37022
ABUW_0566,25350,3789,3191,4838,5885,33219
ABUW_0567,110339,134350,12020,22036,33122,237151
ABUW_0568,90606,105477,15875,21266,52334,218686
ABUW_0569,1347,714,1217,382,1139,1343
ABUW_0570,8068,1506,11083,4659,13475,7004
ABUW_0571,6864,11617,14858,6756,9397,7455
ABUW_0572,957,317,231,297,175,1286
ABUW_0573,2325,973,1026,1233,1795,2788
ABUW_0574,4347,395,4207,1759,3819,3547
ABUW_0575,1427,88,953,522,1018,764
ABUW_0576,655,100,285,172,98,526
ABUW_0577,27,8,57,53,17,142
ABUW_0578,211,143,72,86,238,219
ABUW_0579,1741,321,458,340,252,1040
ABUW_0580,1227,114,487,297,155,653
ABUW_0581,0,1430,104,203,499,213
ABUW_0582,5875,2065,290,561,1205,370
ABUW_0583,35238,2386,310,382,1216,1884
ABUW_0584,3194,113,581,499,180,1002
ABUW_0585,401,697,2853,2437,1290,3473
glnE,1838,303,4240,1856,3625,3129
ilvE,5624,663,3240,1602,4526,3485
ABUW_0588,3591,266,1969,1163,1901,1396
ABUW_0589,3468,25,528,290,260,235
ABUW_0590,627,1181,6856,4322,9536,3800
ABUW_0591,3715,1810,7025,4982,18551,6978
ABUW_0592,4308,150,174,50,283,270
ABUW_0593,145,1637,3786,4692,3207,9930
ABUW_0594,1358,3,3,5,2,14
ABUW_0595,2,16,72,81,24,193
ABUW_0596,207,588,105,103,188,739
ABUW_0597,356,26,21,19,12,67
aspS,117,9,23,21,7,69
ABUW_0599,66,148,1844,2923,3077,4022
ABUW_0600,336,701,1418,716,1563,1512
ABUW_0601,3390,53,258,279,249,880
ABUW_0602,902,57,200,167,272,955
ABUW_0603,810,206,168,158,209,1062
ABUW_0604,428,2981,13697,3426,6457,12324
acdA,12823,38,265,172,125,300
acdB1,424,94,498,347,323,391
ABUW_0607,626,945,7880,6930,5097,4197
baeS,2778,189,3131,1349,855,1440
baeR,3476,917,5087,4204,5153,8313
ABUW_0610,9932,307,4189,3398,1410,4371
ABUW_0611,6852,526,873,641,901,2061
ABUW_0612,1982,2089,2636,1671,3728,5686
ABUW_0613,2301,2383,3107,2005,3747,7127
ABUW_0614,2799,40,232,267,112,382
ABUW_0615,395,36,445,179,485,357
trpF,804,9,101,36,120,110
trpB1,176,0,1,2,0,0
ABUW_0618,0,1052,563,475,571,2727
ABUW_0619,538,30,9,27,35,441
ABUW_0620,31,72,35,71,55,652
ABUW_0621,27,27,76,137,47,659
trpA,26,35,34,99,10,504
accD,727,59,11,15,0,113
folC,136,24,17,59,4,428
ABUW_0625,9142,113,25,89,23,457
ABUW_0626,585,8,1,2,0,49
ABUW_0627,4489,10,13,28,7,113
ABUWs011,1687,13,15,28,9,172
ABUW_0628,36005,15,8,12,7,117
secA,0,5,20,32,14,100
ABUW_0630,521,19,11,34,5,183
ABUW_0631,3999,43,18,27,11,108
ABUW_0632,79,24,13,27,28,211
ABUW_0633,1166,209,356,344,351,928
ABUW_0634,546,504,3268,2441,2833,2746
ABUW_0635,472,91,352,184,63,194
ABUW_0636,919,609,1855,961,860,1580
ABUW_0637,11115,408,661,375,414,714
ABUW_0638,358,18267,108024,105625,139757,14110
ABUW_0639,3358,1,4,16,0,1
ABUW_0640,1472,146,293,340,108,476
ABUW_0641,116,222,1784,1811,517,2302
gcd,13,4,88,119,46,136
cysI,58,49,212,311,115,549
ABUW_0644,1978,65,203,158,67,385
ABUW_0645,5431,41,393,296,320,549
ABUW_0646,577,94,493,389,149,740
ABUW_0647,229,8737,40324,59692,71471,14304
ABUW_0648,811,198,796,928,700,1449
ABUW_0649,36,290,3264,5802,942,1246
ABUW_0650,194,1359,10147,8893,3541,6938
ABUW_0651,227,20,70,98,25,166
ABUWs012,3983,0,0,0,0,0
lysP,7,0,0,0,0,0
rsmC,22505,0,1,4,0,0
ABUW_0654,10055,3,0,6,0,0
typA,22661,3,0,1,0,0
mscL,2207,0,14,2,1,5
ABUW_0657,162,3,23,16,10,26
ppiC,1260,3,6,3,0,12
mutM,2061,6,17,10,10,11
ABUW_0660,1911,4,36,16,19,29
ABUW_0661,1119,1240,5160,3398,3186,3020
ABUW_0662,1389,9437,3180,8032,3059,37597
ABUW_0663,544,3379,2019,4230,1318,19189
ABUW_0664,1562,3610,3427,7194,4879,34476
ABUW_0665,4519,549,2810,3359,5149,4669
ABUW_0666,3138,24,220,152,2447,673
ABUW_0667,0,279,604,395,606,1414
ABUW_0668,569,3878,1794,701,1553,2171
phnA,2263,145,2304,1701,384,2687
ABUW_0671,733,374,1570,1402,1004,1519
ABUW_0672,892,206,1335,1368,533,1519
ABUW_0673,1163,704,686,709,620,1335
proS,818,420,808,349,338,1229
nolG,359,4593,6000,7329,10048,14258
nolF,3779,995,1482,1565,1321,5722
ABUW_0677,462,1,1,0,0,0
pilG,286,92,332,217,301,864
pilH,0,145,1128,668,1536,1040
pilI,649,284,445,230,574,819
pilJ,2485,142,332,191,334,642
pilL,1023,580,824,547,1022,1417
ABUW_0683,429,85,455,442,656,1023
ABUW_0684,903,46,220,225,113,446
ABUW_0685,1894,510,5600,1871,907,2002
dapE,2905,791,1753,590,1813,6566
ecnB,655,29,195,184,85,558
ABUW_0688,3184,65,620,671,459,872
ABUW_0689,36906,165,2876,1589,2087,1378
ABUW_0690,321,202,826,433,285,816
ABUW_0691,315,96,602,326,155,519
ABUW_0692,73,133,637,408,297,1122
ABUW_0693,3733,93,956,300,1307,900
ABUW_0694,1325,307,1715,663,542,1883
ABUW_0695,0,126,771,657,268,2177
ABUW_0696,788,990,2189,1887,3707,6493
ABUW_0697,2154,6987,35554,5815,39217,17005
ABUW_0698,0,132,267,192,82,493
ABUW_0699,908,64,106,150,32,502
ABUW_0700,176,2,7,17,2,11
ABUW_0701,492,972,2788,1858,3546,3326
ABUW_0702,36,325,1493,746,1111,1441
ABUW_0703,845,1,0,0,0,12
agcS,3414,170,1078,556,311,954
ABUW_0705,680,365,1874,1120,470,1675
ilvA2,5010,271,683,648,257,1403
ABUW_0707,3071,224,145,212,28,495
ABUW_0708,10333,15,286,151,129,427
ABUW_0709,1021,4,30,29,18,59
ABUW_0710,826,271,1047,638,417,1407
ABUW_0711,976,1394,4320,1606,936,2505
gatB,4667,126,517,271,140,568
gatA,738,1188,3588,2513,4241,4414
gatC,2186,519,2680,2116,2194,5524
mreB,9,2630,12020,5544,3530,5827
mreC,953,116,1297,675,827,3161
mreD,2623,524,2614,2157,3105,1383
maf1,161,312,3203,2312,1440,1005
cafA,81,6054,19191,8602,4656,11880
ABUW_0720,453,149,779,679,467,709
wax-dgaT,601,1022,1046,908,723,1499
cysH,418,11,18,16,28,164
thrH,67,514,2300,2716,2928,2560
ABUW_0724,30,1086,4223,5777,2512,4062
ABUW_0725,69,55,134,50,37,192
ABUW_0726,288,20,164,96,30,407
ABUW_0727,1390,73,182,130,66,227
ABUW_0728,3646,35,531,398,796,776
uppP,2766,61,950,321,387,551
ABUW_0730,3433,51,46,54,46,79
ABUW_0731,2681,15,38,124,31,242
hchA,2181,768,51,165,252,1894
ABUW_0733,655,299,309,1009,779,3540
ABUW_0734,1071,640,649,573,541,1319
ABUW_0735,10,563,2947,2096,854,4309
ABUW_0736,571,946,3071,2856,1584,2186
ABUW_0737,247,1714,5986,6178,1790,2553
ABUW_0738,241,2130,13896,7693,8562,24587
ABUW_0739,118,932,14176,6955,8901,12444
ABUW_0740,428,353,9527,3493,15462,6681
ABUW_0741,270,164,14701,3690,9039,4465
ABUW_0742,84,62,213,160,162,786
ABUW_0743,518,375,578,867,808,1368
ABUW_0744,1240,26,231,355,71,392
ABUW_0745,11946,23,72,135,169,576
ABUW_0746,2751,4,45,59,38,119
ABUW_0747,2674,103,148,168,134,690
ABUW_0748,5244,24,103,106,54,396
ABUW_0749,6259,15,58,59,11,107
ABUWs013,1029,130,239,254,79,928
ABUW_0750,81,380,422,370,374,1616
ABUW_0751,948,2805,15938,11801,8213,33456
ABUW_0752,84,1181,2685,2031,2229,3682
ABUW_0753,81,841,2767,2094,764,4471
ABUW_0754,209,2439,4337,1994,5097,4859
ABUW_0755,6766,764,5438,2620,2799,3808
ABUW_0756,3,42,387,226,164,373
ABUW_0757,13924,119,633,320,74,322
ABUW_0758,0,422,12160,5056,7792,3952
ABUW_0759,307,0,0,0,0,0
ABUW_0760,551,1282,1962,1642,2631,6331
ABUW_0761,28,0,0,1,0,9
ABUW_0762,7111,16,127,70,135,785
ABUW_0763,41829,47,240,140,63,732
ABUW_0764,26830,14,77,78,80,242
ABUWs014,1,1553,6438,2701,6677,5184
ABUW_0765,246,5075,25626,7486,8130,13072
ABUW_0766,58,1155,7948,3110,1138,7540
ABUW_0767,83,0,0,0,1,4
ABUW_0768,137,9,21,18,45,69
ABUW_0769,454,8,5,10,5,45
ABUW_0770,1168,9,12,19,6,47
ABUW_0771,30,15,31,41,19,124
ABUW_0772,245,28,363,242,180,513
ABUW_0773,779,351,1111,771,1061,1453
ABUW_0774,1431,4,26,22,1,101
ABUW_0775,3454,69,410,483,138,903
ABUW_0776,256,56,1239,641,1097,842
ABUW_0777,365,389,1630,816,2516,2747
ABUW_0778,411,979,3682,2697,6045,6849
ABUW_0779,709,9,178,147,193,370
ABUW_0780,1341,114,153,167,236,423
ABUW_0781,1964,93,1030,582,404,1306
ABUW_0782,76,113,983,646,536,1497
ABUW_0783,48,290,1338,913,3427,717
ABUW_0784,13754,614,1166,935,849,2339
ABUW_0785,8322,26,38,36,31,163
ABUW_0786,1,39,67,48,37,137
ABUW_0787,866,12420,33802,32211,21098,12280
ABUW_0788,0,6621,8548,5519,11589,15482
ABUW_0789,2093,4,2,2,0,0
ABUW_0790,235,884,517,408,989,2240
ABUW_0791,98,0,0,0,0,0
ABUW_0792,4327,9,34,45,24,74
ABUW_0793,7498,169,824,356,131,705
ABUW_0794,19,68,248,89,23,182
ABUW_0795,3706,893,5040,3712,8757,3449
ABUW_0796,1530,5607,7482,6842,11085,12280
ABUW_0797,914,1205,2109,1479,2708,2977
ABUW_0798,1344,1339,712,483,879,2360
ABUW_0799,10869,106,511,372,297,1057
ABUW_0800,181,134,972,925,193,1485
ABUW_0801,426,3650,5127,2140,6979,4425
ABUWs015,2814,710,2516,2144,2085,1860
ABUW_0802,5714,5683,5346,5680,11710,5516
ABUW_0803,4937,2781,4998,7363,5324,5681
ABUW_0804,0,991,7704,6029,23370,3839
ABUW_0805,6376,280,5130,1933,4219,2557
ABUW_0806,2354,4438,5520,2951,13964,5789
ABUW_0807,10440,1883,3354,1317,8186,8218
ABUW_0808,0,3737,6172,3845,9296,18860
ABUW_0809,6,965,1597,1617,1786,4182
ABUW_0810,15,732,1407,1691,1429,4320
ABUW_0811,4471,5406,2303,3455,4717,12392
ABUW_0812,12323,12034,37245,30724,74757,50752
ABUW_0813,3994,77,666,532,111,749
ABUW_0814,3638,3698,2167,1670,7353,7000
ABUW_0815,7101,709,1971,1383,1196,2485
ABUW_0816,27961,1352,8507,5623,5389,10001
aroP2,567,406,1150,864,764,1819
prpF,2690,113851,65942,35835,310474,235532
ispA,1605,0,5,6,0,9
ABUW_0820,9061,111,143,372,111,1174
ABUW_0821,1335,101,111,202,320,441
ABUW_0822,123117,959,474,1525,465,4562
ABUW_0823,16,0,1,0,0,2
ABUW_0824,42,108,66,70,29,149
ABUW_0825,187,64,149,170,85,302
ABUW_0826,634,1204036,368756,449215,1809234,230093
pmrC,1,35,48,143,31,64
qseB,55,5,63,26,70,86
qseC,251,3,7,4,3,12
ABUW_0830,89967,178,1276,999,770,867
ABUW_0831,207,10730,5785,6117,41537,10180
ABUW_0832,78,41,168,246,63,349
ABUW_0833,1,168,142,203,73,582
ABUW_0834,163,17,151,115,180,431
ABUW_0835,16826,120,253,210,346,767
valS,491,21,607,527,195,447
ABUW_0837,300,13,121,75,60,213
ABUW_0838,174,501,4200,2559,951,1500
ABUW_0839,125,206,620,366,743,1097
ABUW_0840,222,20,223,83,66,191
ABUW_0841,253,49,1478,510,388,822
adeK,1391,214,1453,749,2975,1137
adeJ,877,3,96,63,98,117
adeI,206,618,841,641,1791,1477
ABUW_0845,420,126,2204,530,2707,1693
ABUW_0846,1774,66,898,514,140,559
ispB,143,2276,3605,2668,1477,4545
rplU,1367,7,5,3,4,39
rpmA,1834,67,648,671,365,670
lolA,649,4,9,5,48,24
ABUW_0851,4823,82,627,505,257,336
serS,2,53,250,240,204,307
cobA,128,799,468,390,958,1353
ABUW_0854,0,336,175,117,518,986
ABUW_0855,0,101,274,265,207,824
ABUW_0856,0,29,41,94,32,395
ABUW_0857,0,172,274,343,122,1239
ABUW_0858,0,63,216,314,52,1091
ABUW_0859,0,135,311,399,207,903
lipB,0,289,509,688,277,974
ABUW_0861,57,27,71,58,159,22
rpoD,0,35,82,99,40,14
ABUW_0863,3,21,38,45,26,7
ABUW_0864,19,4,30,26,6,1
ABUW_0865,182,11,60,61,36,17
ABUW_0866,55,30,33,37,6,4
gltA,1283,375,438,532,147,206
sdhC,575,55,87,85,29,53
sdhD,955,39,16,42,6,50
sdhA,92309,512,416,517,224,482
sdhB,160,44,73,75,13,85
sucA,11203,14,15,8,10,9
sucB,15549,0,4,8,0,10
lpdA1,15271,276,1454,1248,381,1804
sucC,5515,87,1007,296,616,474
sucD,14482,954,79,79,462,702
ABUW_0877,0,49798,147987,57474,43961,13460
ABUW_0878,0,27,158,144,171,1059
ABUW_0879,0,5157,9585,7887,6633,9690
ABUW_0880,1417,1211,11331,7474,7694,12588
ABUWs016,2470,8909,6012,4171,6742,23725
trpS,21,1134,1891,1816,2158,4978
ABUW_0882,2,1549,5269,5066,2597,11992
ABUW_0883,2607,0,1,2,1,9
ABUW_0884,915,0,4,0,0,0
ABUW_0885,2867,3,8,6,3,22
ABUW_0886,6985,267,1816,1070,1516,1070
ABUW_0887,725,5235,990,586,3485,3699
ABUW_0888,5,0,16,7,10,0
ABUW_0889,201,238,1139,947,397,888
ABUW_0890,566,120,584,526,609,844
cat,1412,292,1374,1266,498,1767
greA,2014,1392,4330,2143,4683,5666
carB,4,23,505,330,210,623
carA,199,34,178,109,58,109
ABUWs017,11927,85,445,560,56,896
ABUW_0895,5013,578,1124,1075,845,1700
ABUW_0896,913,1260,1756,1969,1578,2946
ABUW_0897,12713,6,3,6,13,65
rrmJ,2465,13,215,67,39,256
ftsH,92,738,7298,2409,4287,7998
folP,2555,421,3232,1859,1099,5015
ABUW_0901,1463,195,685,495,126,1656
ABUW_0902,1387,770,4168,2743,1439,8151
ABUW_0903,13995,260,3610,1410,6147,1555
ABUW_0904,3101,22,303,192,480,359
ABUW_0905,965,4587,2960,1854,6428,4849
ABUW_0906,666,190,1199,533,3405,417
folD,85,621,1397,479,3909,1136
prmA2,395,1728,16106,18275,15484,16532
ABUW_0909,394,255,1382,1051,1539,1526
kgtP,779,52,336,248,274,557
glpK,4038,40,310,146,180,265
glpD,1290,3,40,20,66,66
pckG,521,70,172,242,110,612
ABUW_0914,7353,167,88,113,152,674
ABUW_0915,298,307,219,388,119,1499
ABUW_0916,3259,1270,996,1219,822,4226
groS,3144,4697,341,366,180,1354
groL,5377,63,369,388,145,685
dgkA,17501,3109,4208,2413,2560,6939
ABUW_0920,34156,35,162,105,94,161
ABUW_0921,1468,927,2282,822,3679,4460
ABUW_0922,435,450,2406,1207,3454,1369
ABUW_0923,288,1716,3501,784,6259,1850
htpX,11216,2614,15676,7326,17391,14297
ABUW_0925,376,9904,20538,12815,35946,44660
ABUW_0926,545,3271,559,324,2552,7595
ABUW_0927,631,332,1085,773,1196,2039
ABUW_0928,3316,157,63,56,215,185
greB,3516,55,31,34,290,138
ABUW_0930,6837,1246,15180,6722,8999,7656
ABUW_0931,268,55,364,198,226,571
ABUW_0932,7727,165,360,190,655,1218
ABUW_0933,2847,17,439,246,268,550
ABUW_0934,1444,509,1681,1007,1052,2249
ABUW_0935,110,2095,1177,1434,1401,4864
ABUW_0936,7852,4551,8366,2824,8692,9679
ABUW_0937,21,94,278,154,183,377
ABUWs018,2,3635,6450,2747,10063,8952
ABUW_0938,6,945,3383,1913,4125,2299
ABUW_0939,5,161,1288,521,908,850
ABUW_0940,23,6,98,60,71,80
ABUW_0941,124,2165,18167,17349,337459,6718
ABUW_0942,652,1,34,22,1,41
ABUW_0943,2157,1,6,3,30,3
ABUW_0944,5107,1,5,2,4,3
fdhD,35,7,6,7,2,35
ABUW_0946,286,22,25,37,9,63
pdxB,480,28132,3587,2735,10133,22791
ABUW_0948,771,56,486,131,126,200
ABUW_0949,642,615,1835,648,1447,4502
radA,1558,4102,4392,2042,6041,9860
cycA3,7,2,18,19,3,31
ABUW_0952,16,34,165,116,99,487
lysA,13,39,168,90,113,455
dapF,3,203,117,141,144,1344
ABUW_0955,45,127,123,160,164,1700
ABUW_0956,2011,407,272,667,442,3914
xerC,10544,2,8,4,13,14
etfB,7824,1,13,3,2,18
etfA,19,2,16,9,5,18
gyrA,6593,2,23,6,11,24
ABUW_0961,2150,40,39,27,28,61
ABUW_0962,1483,280,1252,552,552,1387
ABUW_0963,252,13189,120637,70455,152067,43272
ABUW_0964,581,666,7371,4248,4696,3064
ABUW_0965,1592,8,9,4,6,18
ABUW_0966,2497,2,7,9,1,25
ABUW_0967,701,456,3995,1719,912,3520
ABUW_0968,1178,227,3767,1512,3086,2433
serC,1338,114,2414,1267,1374,968
ABUW_0970,3463,29,509,321,124,233
ABUW_0971,3866,30,652,319,149,440
ABUW_0972,439,117,1516,762,973,1450
ABUW_0973,419,424,2412,1660,2276,3179
lolC,8823,66,588,404,161,862
lolD,2547,659,844,711,729,2282
comA,4543,715,1000,825,538,2668
ABUW_0977,1496,350,2799,1388,1146,2759
sppA,208,370,1736,1130,481,2852
ABUW_0979,2398,149,148,92,108,595
purN,2283,60,241,159,251,328
purM,1125,744,6604,4724,3215,5298
ABUW_0982,1418,333,2940,1928,770,2979
hda,1028,317,4373,2764,1776,5178
ABUW_0984,0,1061,732,619,779,2659
ABUW_0985,0,24,117,117,44,266
ABUW_0986,209,744,1015,1055,706,4642
ABUW_0987,698,3145,1360,1325,1796,3382
ABUW_0988,952,101,425,538,144,1499
ABUW_0989,307,134,752,712,343,1961
fbp1,413,285,1676,911,1804,2423
ABUW_0991,4,0,0,0,13,10
pal,0,0,0,0,0,0
tolB,11,25,101,66,60,223
tolA,25,332,2436,1926,1599,620
tolR,6,93,681,375,244,555
tolQ,15,148,703,293,68,580
ybgC,5,84,1224,569,209,1291
ABUW_0998,0,33,163,116,460,92
ruvB,518,0,0,0,0,2
ruvA,105,8,3,5,3,21
dgt,114,11,15,25,10,42
purL,27,6,8,11,3,17
ABUW_1003,335,21,17,17,7,30
ABUW_1004,432,0,74,58,85,253
ABUW_1005,48,13,5,13,1,33
ABUW_1006,666,223,94,82,23,198
ABUW_1007,2551,9,90,105,34,286
ABUW_1008,1353,20,38,30,71,100
bcp,5263,82,143,40,34,81
ABUW_1010,38,13,108,54,50,88
ABUW_1011,290,77,554,250,214,208
ABUW_1012,200,138,450,368,368,1817
ABUW_1013,1461,33,42,50,87,59
dapD,127,201,461,547,249,1051
carO,1475,2136,1038,1057,703,3236
cbl,0,476,494,705,214,1394
cysA,102914,1319,2844,2700,3374,4553
cysW,214,1990,1102,8132,2063,10610
cysT,1445,6738,4329,43040,7383,52098
ABUW_1020,5194,14581,4087,39543,27689,73816
cysP,898,51,794,433,571,1589
pabC,15414,74,118,169,84,1058
ABUW_1023,28086,16,46,34,23,82
tmk,102773,0,0,0,0,0
ABUW_1025,62513,32754,49573,25131,54778,66015
nadB,0,45,99,56,71,144
degP,4872,86,1943,1001,128,1557
ABUW_1028,7,560,4988,3119,2995,8151
lepA,3926,111,278,618,103,1448
lepB,137,2527,3061,2910,622,5495
ABUW_1031,391,11254,7576,8673,3631,18771
rnc,112,208703,28498,33289,41504,228773
era,62,22604,19525,23667,15713,45162
ABUW_1034,199,0,0,0,0,13
recO,596,967,3440,2808,4618,4413
pdxJ,757,1077,4387,4324,3842,5848
ABUW_1037,744,151,58,146,473,1148
ABUW_1038,421,138,130,410,305,1783
ABUW_1039,1158,27,35,160,77,1014
ABUW_1040,1466,11,33,112,20,262
ABUW_1041,291,59,64,248,176,1463
ABUW_1042,2119,977,165,686,566,10304
aspC,847,411,158,674,306,3274
ABUW_1044,26,1273,94,607,327,3739
ABUW_1045,61,288,64,381,116,2624
ABUW_1046,3980,2142,293,1101,521,6988
uvrB,1,772,460,1129,906,6578
ABUW_1048,1411,31,156,555,135,1599
rarD,5599,130,631,2046,711,9562
gap,8965,251,308,854,462,3842
ABUW_1051,93137,3,3,1,7,5
ABUW_1052,32,52,655,769,403,307
ABUW_1053,659,536,2535,1451,2069,5432
proB,476,0,1,0,2,3
ABUW_1055,1071,451,675,440,442,1288
ABUW_1056,48,1365,18367,9337,13094,4167
dusB,17001,3186,17734,8702,12470,6958
ABUW_1058,754,17385,94050,40424,37768,36983
ABUW_1059,5,4,86,80,20,62
ABUW_1060,833,310,870,272,606,571
wecB,1567,81,530,195,84,242
ABUW_1062,31389,823,622,384,1282,1197
ABUW_1063,19876,2059,13663,5949,7127,14004
ABUW_1064,39780,537,1361,818,437,1330
ABUW_1065,33678,23,76,41,57,477
ABUW_1066,323,98,587,275,163,971
phrB,701,100,1653,582,191,703
slyD,959,19407,21179,19526,16802,32239
ndh,320,37870,13816,13244,19755,35627
ABUW_1070,421,38087,19198,20736,17457,57528
ABUW_1071,1051,8686,19052,24452,9178,30376
idh,10275,109,156,121,267,332
ABUW_1073,464,46,70,124,39,424
icd,1739,61,88,149,46,679
ABUW_1075,3295,23,28,55,17,537
ABUW_1076,4233,329,46,77,30,935
ABUW_1077,135,2522,1315,1503,5467,2703
ABUW_1078,4990,1968,9232,8360,7813,8948
ABUW_1079,381,40,274,114,178,244
ABUW_1080,1038,174,723,940,1240,3559
ABUW_1081,819,86,1713,749,930,759
ABUW_1082,2385,1093,6872,6379,11610,6114
ABUW_1083,11016,197,212,355,197,509
ABUW_1084,2839,506,3774,2906,3268,8680
ABUW_1085,3687,2,360,155,376,181
ABUW_1086,1675,61,1093,492,579,543
cas,4,173,1208,694,743,714
ABUW_1088,2026,191,2570,1078,1947,2662
csy1,1077,2003,4386,2100,4192,7873
ABUW_1090,686,1904,3008,1556,4164,7349
ABUW_1091,109,433,2771,1542,2556,5760
csy4,68,993,1479,870,334,2586
ABUW_1093,393,705,2667,1272,1143,2414
ABUW_1094,313,81,967,415,771,638
ABUW_1095,426,77,483,325,700,1254
ABUW_1096,6350,5,78,52,6,141
thiE,4,4,58,47,14,129
hemL,3253,104,222,145,341,815
ABUW_1099,325,136,311,185,126,521
rluA,1363,18,319,167,55,340
hepA,186,777,3765,2839,3713,10743
ABUW_1102,168,0,1,0,0,1
ABUW_1103,136,604,1390,1076,1159,3822
ABUW_1104,120,2,72,25,90,88
ABUW_1105,43,184,73,89,117,895
ABUW_1106,42,23,19,30,8,54
ABUW_1107,0,12,35,30,6,61
ABUW_1108,1390,62,28,24,44,96
dat,1100,15,41,49,21,132
ddc,2846,7,6,21,2,82
ABUW_1111,498,29,12,18,3,40
ABUW_1112,427,0,0,0,0,0
ABUW_1113,451,399,762,362,768,1166
aroP3,3079,276,412,408,159,2021
ABUW_1115,3565,958,897,1400,482,5484
pstC,5780,26,163,101,128,413
pstA,0,74,312,196,188,737
pstB,1750,47,1227,496,203,738
ABUW_1119,2807,208,3325,1889,2421,1740
ABUW_1120,25190,409,2675,1731,1873,5051
ABUW_1121,12404,502,9900,3285,5305,2871
purB,2704,0,0,0,0,0
ABUW_1123,1786,235,1890,1677,1303,1429
trmU,1804,617,2911,2894,1412,4284
ABUW_1125,2,31563,12365,12569,27507,48765
ABUW_1126,1804,1573,6272,7609,5616,18687
dacC,0,457,1906,1232,1613,2353
ABUW_1128,16,275,1464,747,427,1375
ABUW_1129,19,256,1299,780,159,1244
surE,465,0,0,1,1,3
nlpD,226,38,6111,603,4799,1500
ABUW_1132,7,0,0,0,0,0
ABUW_1133,79,8,16,32,24,39
ABUW_1134,11,23,97,68,67,130
gloA,259,31,1512,381,6039,3104
ABUW_1136,1,54,924,178,1599,894
rpmE1,545,7,315,195,138,234
ABUW_1138,0,17,4,1,116,410
ABUW_1139,45,90,546,347,207,410
ABUW_1140,171,518,417,2352,940,10281
efp,21,5,0,0,17,37
cstA,272,5,24,48,11,32
ABUW_1143,116,5,61,62,83,44
ABUW_1144,163,1,40,83,43,42
ABUW_1145,3308,10,57,98,152,66
ABUW_1146,6934,268,482,517,273,240
ABUW_1147,13816,884,859,788,951,477
ABUW_1148,520,2448,1895,1477,2782,1753
ABUW_1149,160,34,104,159,21,368
ABUW_1150,211,67,822,293,321,225
ABUW_1151,0,11,27,54,5,163
ABUW_1152,9,0,0,0,0,2
ABUW_1153,7,69,229,468,288,2122
ABUW_1154,397,194,147,250,980,2862
ABUW_1155,982,47,392,256,348,299
ABUW_1156,4451,192,2996,2289,1285,1471
ABUW_1157,5640,1136,3147,1414,2967,2668
ABUW_1158,13883,2362,3996,4155,2609,9277
ABUW_1159,3251,6830,5598,5371,9404,28767
ABUW_1160,8279,3320,2108,2226,4581,9257
ABUW_1161,996,1235,2568,3730,2137,11566
ABUW_1162,2202,391,332,696,217,2552
ABUWs019,4380,364,836,1867,535,4732
ABUW_1163,17415,1660,2004,3205,1068,8366
ABUW_1164,35399,2726,17444,13455,4494,26287
ABUW_1165,940,46577,26091,16294,42124,100809
ABUW_1166,3558,87,1118,482,426,770
ABUW_1167,6217,1682,4882,2493,3509,5342
bauF,237,4080,6133,2578,7300,9864
basA,2096,157,1242,509,346,1843
basB,5731,137,1884,841,499,1842
ABUW_1171,3796,1342,4699,1859,5613,5023
ABUW_1172,489,1230,1142,1766,1283,11237
bauD,0,54,540,241,161,412
bauC,229,0,0,2,0,0
bauE,1626,0,0,0,0,0
bauB,429,225,151,173,54,849
bauA,247,151,670,567,558,2349
basC,314,111,66,252,214,1084
basD,427,135,50,212,271,1973
basE,304,196,35,195,217,2320
basF,1175,574,57,275,652,4400
basG,303,131,56,296,161,2105
ABUW_1183,214,2442,165,726,1162,14889
ABUW_1184,157,342,43,177,284,2176
ABUW_1185,1172,56,66,193,157,1302
basH,4668,22,137,159,89,682
basI,4976,64,1427,836,2389,1260
basJ,1475,290,4267,2356,2048,2458
ABUW_1189,1421,850,2900,1023,1047,2528
hemE,4042,284,876,310,322,906
ABUW_1191,340,359,1413,661,1309,1300
ABUW_1192,4601,1099,2487,1564,2308,4564
ABUW_1193,659,565,798,1641,273,4482
ampC,2046,7357,15970,12593,8586,4608
folE,2402,53,325,195,135,522
xdhA,2349,209,801,387,837,2136
xdhB,1006,279,1025,619,624,3079
xdhC,3782,653,848,744,781,4473
ABUW_1199,1235,321,338,333,256,1981
trpC,1132,415,799,1052,967,6203
trpD,1015,72,910,513,653,1101
ABUW_1202,12896,59,795,417,347,855
ABUW_1203,1475,130,751,440,542,1234
trpG,6268,1294,5002,4231,2559,5119
ABUW_1205,3479,245,1034,809,747,2255
ABUW_1206,1842,516,4584,3045,2759,8234
glnA,3984,867,3850,2146,2199,1824
ubiC,4171,511,1389,785,622,1926
ubiA,3544,658,2422,1448,1843,5402
ABUW_1210,0,413,1910,1279,851,4659
ABUW_1211,1840,1045,1552,1131,1242,3841
ABUW_1212,455,466,1286,2390,637,3613
ABUW_1213,2631,248,333,313,424,827
ABUW_1214,853,522,1774,1978,760,3937
ABUW_1215,401,321,354,517,256,1154
sodB,4988,259,277,306,90,634
ABUW_1217,1743,827,2732,1949,1176,3202
algW,278,105,860,542,1161,3314
cca,645,74,151,103,31,461
ABUW_1220,2395,172,261,204,379,1246
ABUW_1221,925,853,1268,1087,1988,4294
ABUW_1222,830,285,917,780,451,1682
metF,819,68,314,228,257,642
ahcY,18317,97,238,182,294,923
ABUW_1225,18633,6255,9574,7149,19067,50914
ABUW_1226,31,14147,8480,8580,22114,61207
ABUW_1227,30,41,22,43,14,247
lipA1,67,11,34,38,11,167
sthA,3959,43,24,31,13,109
ABUW_1230,2225,1525,1794,1286,1700,9905
ABUW_1231,1651,1270,817,835,1571,8593
ABUW_1232,1366,210,1598,1056,1301,2775
ABUW_1233,6055,3726,1220,772,2201,5545
map1,3256,1066,4200,3914,2343,9912
rpsB,0,1445,2975,3405,1117,6499
tsf,8422,1,1,0,0,5
ABUW_1237,6,2175,6284,3651,5914,22511
ABUW_1238,10870,2,32,15,6,97
ABUW_1239,2447,1842,8735,4290,11090,10519
ABUW_1240,2996,1039,1566,864,1447,3013
ABUW_1241,988,367,2207,1386,1681,3416
rlpA,1015,132,442,603,237,1779
mltB,2769,93,293,432,269,1620
mrdB,5929,541,1582,1220,1513,5174
ABUW_1245,5816,529,2199,1530,1661,7454
queF,1,3212,3803,2786,2558,11534
ABUW_1247,1640,1167,2639,2748,3219,2818
ABUW_1248,2900,813,5097,3881,7244,5399
ABUW_1249,644,163,1034,794,1239,1118
ABUW_1250,910,193,1465,1146,1596,1679
ABUW_1251,8320,4748,10788,7967,8326,16384
ABUW_1252,455,74,489,302,297,872
ABUW_1253,1077,1130,918,554,1121,1369
ABUW_1254,3327,2746,3077,1626,2961,2693
ABUW_1255,8689,1256,5381,4394,5368,11388
ABUW_1256,17564,4636,5834,3380,9868,15425
ABUW_1257,0,2780,9762,7626,8918,12184
ABUW_1258,9095,1094,4031,3584,4387,6461
ABUW_1259,7578,290,597,576,302,1147
ABUW_1260,1145,153,362,683,102,1680
ABUW_1261,1269,406,371,692,288,1754
ABUW_1262,1782,2026,213,415,359,1026
ABUW_1263,1084,752,1310,1379,1448,2940
ABUWs020,2564,263,598,585,888,1732
ABUW_1264,1119,1280,986,801,344,1911
ABUW_1265,1182,114,1045,490,637,960
ABUW_1266,1026,4476,20898,8786,69586,8448
ABUW_1267,19767,4405,27126,14976,44063,39759
ABUWs021,42310,23,4237,1512,881,478
ABUW_1268,725,250,654,361,831,1717
ABUW_1269,1674,604,3957,1347,5145,3663
ABUW_1270,9296,2017,1432,722,1932,3432
ABUW_1271,3626,14,100,74,28,150
ABUW_1272,235,349,1291,1007,559,2572
ABUW_1273,2636,221,472,330,206,1882
ABUW_1274,1196,111,428,300,430,1350
ABUW_1275,809,389,1445,883,755,3249
ABUW_1276,1604,790,748,779,488,3237
ABUW_1277,1314,71,107,146,65,655
ABUW_1278,240,13011,2600,1761,6684,12491
ABUW_1279,9343,1197,1740,1186,1653,4666
ABUW_1280,5123,8922,3357,3529,13942,957
ABUW_1281,13565,96,179,167,178,346
ABUW_1282,223,76,325,342,412,1114
ABUW_1283,2567,18,125,154,91,285
ABUW_1284,980,186,1434,674,1696,1417
ABUWs022,1517,150,222,171,241,927
ABUW_1285,678,58,285,209,196,813
ABUW_1286,931,623,5802,2568,5526,5061
ABUW_1287,6018,1899,19397,9028,27834,22770
ABUW_1288,22632,2,16,24,7,22
ABUW_1289,110,1,2,3,1,7
ABUW_1290,5,0,0,4,1,7
ABUW_1291,6,7,17,28,5,58
ABUW_1292,1,1,0,2,1,9
ABUW_1293,21,11,6,27,3,47
ABUW_1294,2,0,2,11,1,0
ABUW_1295,1,1,0,4,0,6
ABUW_1296,0,0,5,6,6,15
ABUW_1297,3,10,2,13,4,63
ABUW_1298,2,3,4,22,1,68
ABUW_1299,4,0,0,0,0,0
ABUW_1300,116,0,0,0,0,2
ABUW_1301,3,0,7,3,6,22
ABUW_1302,2245,39,36,25,56,527
ABUW_1303,65,10,24,49,8,133
ABUW_1304,41,4,110,89,16,61
ABUW_1305,206,1,2,3,21,88
ABUW_1306,180,9,3,2,1,36
ABUW_1307,4,56,72,92,147,399
ABUW_1308,54,13,11,17,29,159
ABUW_1309,1370,643,1340,955,1356,2709
ABUW_1310,897,0,5,17,4,44
ABUWs023,157,2,3,9,1,25
ABUW_1311,1089,40,177,189,118,403
ABUW_1312,895,123,272,205,64,354
ABUW_1313,983,20,0,2,15,96
ABUW_1314,1879,11,7,32,32,149
ABUW_1315,1016,250,2132,1655,628,1847
ABUW_1316,0,70,607,538,91,750
ABUW_1317,3874,4,164,82,71,516
ABUW_1318,7401,1129,344,356,305,2542
ABUW_1319,668,306,411,293,326,1386
ABUW_1320,123,175,199,251,130,1317
ABUW_1321,119,281,1140,772,671,1750
ABUW_1322,0,713,1128,819,930,1951
ABUW_1323,382,0,0,0,0,3
ABUW_1324,19558,920,615,1154,743,3817
ABUW_1325,713,5702,7772,6297,19956,27128
ABUW_1326,426,102,685,637,807,2378
ABUW_1327,14260,6,199,128,81,184
ABUWs024,1354,30,141,174,297,892
ABUW_1328,0,1,0,0,1,8
ABUW_1329,297,30,441,374,296,1293
ABUW_1330,423,10355,15232,13151,34889,10633
ABUW_1331,760,16,402,131,843,134
ABUW_1332,1701,9,420,202,262,269
glyA,5345,10395,22201,12316,37188,25383
ABUW_1334,1,64,511,720,291,1547
ABUW_1335,36,0,0,0,0,0
ABUW_1336,32265,38,578,302,193,529
ABUW_1337,1371,53,250,209,165,580
ABUW_1338,19,208,470,728,412,1784
hisJ,192,672,1721,1676,521,3122
hisQ,251,2260,2116,2299,1551,12736
hisM,1117,6908,26018,13971,26724,50640
ABUW_1342,2993,84,2386,1576,1492,1593
ABUW_1343,2989,2,21,14,9,49
ABUW_1344,1,64,550,296,218,382
ABUW_1345,2447,69,551,368,779,999
ABUW_1346,394,370,1935,1511,2623,5636
ABUW_1347,1,265,1529,1470,1045,5991
ABUW_1348,4857,3421,1257,716,2146,14944
ABUW_1349,7118,359,453,284,80,376
ABUW_1350,1007,12,48,37,3,53
ABUW_1351,979,691,4996,2597,1336,4012
ABUW_1352,945,690,3786,1827,1082,4234
ABUW_1353,416,95,1426,700,1086,847
ABUW_1354,505,738,1688,1213,1972,6961
ABUW_1355,1327,289,673,439,2163,995
ABUW_1356,78,65,875,422,9224,230
ABUW_1357,41,59,410,258,356,637
ABUW_1358,34,520,1798,1236,2769,1679
ABUW_1359,13,1,29,37,6,106
ABUW_1360,8,7,4,20,13,88
ABUW_1361,40,4,11,21,11,62
dctA3,53,2,6,9,4,27
ABUW_1363,5657,0,2,4,2,20
ABUW_1364,8173,13,4,5,20,62
pheA,1,3,28,31,53,114
ABUW_1366,680,944,11165,8048,4114,7227
ABUW_1367,390,864,13075,9765,7075,11583
pepD,146,39,316,162,286,550
rnz,20,78,283,321,235,679
ABUW_1370,19,70,163,274,111,594
ABUW_1371,36,56,87,207,86,510
thiG,6,415,73,158,107,1209
thiS,124,45,126,200,67,313
ABUW_1374,4293,2,9,1,2,1
rpoH,25,20,61,28,42,85
ABUW_1376,18,331,2719,2170,2462,2701
ABUW_1377,22,6,47,64,23,66
rhlB,5,3,32,71,21,53
ABUW_1379,4,11,10,21,52,58
ABUW_1380,0,0,1,2,10,25
gpsA,4845,2,5,8,5,26
ABUW_1382,2330,5,0,0,0,3
ABUW_1383,193,727,4018,3747,6497,6533
ABUW_1385,313,297,919,795,608,3987
ABUW_1386,299,60,141,84,220,480
ABUW_1387,313,127,176,129,192,843
ABUW_1388,252,43,194,125,205,873
ABUW_1389,390,33,119,98,97,507
ABUW_1390,410,528,109,64,240,1524
ABUW_1391,1225,36,86,86,84,390
ABUW_1392,11,17,47,92,48,328
ABUW_1393,9660,112,762,494,314,1012
ABUW_1394,0,9,1,1,17,78
ABUW_1395,344,3901,3940,3719,6681,9074
ABUW_1396,383,0,0,0,0,0
ABUW_1397,705,106,551,368,483,205
ABUW_1398,3375,121,991,714,1181,395
ABUW_1399,479,392,2653,2013,809,1344
ABUW_1400,1354,801,7571,4610,3329,3289
ABUW_1401,688,0,1,1,0,0
ABUW_1402,253,95,221,241,66,919
ABUWs025,2900,912,1788,1093,977,2112
ABUW_1403,22330,208,1050,731,322,1001
ABUW_1404,53498,52,1709,1275,428,537
ABUW_1405,2285,1692,6566,5536,15482,4448
ABUW_1406,1828,8062,8406,11113,9224,32132
ABUW_1407,0,50787,23220,20424,37040,70955
ABUW_1408,11,586,3760,1693,1424,3936
ABUW_1409,940,172,2355,743,1085,1545
ABUW_1410,1150,0,1,2,0,5
ABUW_1411,517,0,8,3,5,8
ABUW_1412,4556,1,28,69,13,57
ABUW_1413,1946,172,647,482,403,1359
ABUW_1414,4581,204,792,626,372,2219
ABUW_1415,3120,21,281,195,348,634
ABUW_1416,8460,129,1376,1389,1135,2932
ABUW_1417,3040,287,1545,790,3164,1753
ABUW_1418,4230,3555,2787,1596,4682,3782
ABUW_1419,3925,237,2232,1572,1226,2118
ABUW_1420,1260,6982,3751,2409,8403,6074
ABUW_1421,2813,419,2062,1252,810,2429
ABUW_1422,429,272,1784,1280,573,2723
ABUW_1423,613,322,1704,1059,1116,2405
ABUW_1424,132,221,1000,466,1118,1569
ABUW_1425,2,2161,2775,1230,2699,3005
ABUW_1426,104,292,673,286,306,517
ABUW_1427,13634,730,807,424,375,791
ABUW_1428,4141,27,28,49,24,249
ABUW_1429,8773,11,33,24,31,72
ABUW_1430,8401,1374,1813,3573,1519,2342
ABUW_1431,3453,479,151,182,191,136
ABUW_1432,1860,6320,577,617,616,263
ABUW_1433,5180,1511,647,696,894,227
ABUW_1434,52,1201,248,196,296,119
ABUW_1435,118,393,637,542,532,3205
ABUW_1436,950,590,2417,2125,668,5778
ABUW_1437,84801,102,65,131,86,955
ABUW_1438,3656,19,65,127,17,336
ABUW_1439,4011,140,343,470,233,1445
ABUW_1440,1197,201121,78680,69425,392107,120693
ABUW_1441,1,1096,4638,3214,1426,4405
ABUW_1442,2316,699,3492,3045,1743,3640
ABUW_1443,15147,43,1506,1146,271,1646
pyrD,406,0,0,0,1,1
ABUW_1445,1769,12,22,62,15,287
purF,954,215,596,1299,878,5232
ABUW_1447,5238,3053,4192,6857,7713,31761
ABUW_1448,2318,46,970,500,179,375
tkrA,1381,270,2705,1224,1102,910
ABUW_1450,1274,202,2040,1031,629,829
ABUW_1451,1048,945,3969,2231,3199,5769
rpsU,322,328,1048,1008,694,3604
ABUW_1453,16300,204,715,588,383,1250
ABUW_1454,295,123,848,528,403,1488
ABUW_1455,453,184,1022,718,828,1021
ABUW_1456,1381,226,242,296,141,247
ABUW_1457,2395,11205,18471,12222,33070,14850
ABUW_1458,1174,32,101,103,26,454
ABUW_1459,1235,42,164,166,91,474
ABUW_1460,5,223,739,856,255,2143
ABUW_1461,1710,519,535,548,358,2434
ABUW_1462,3805,115,274,261,205,868
ABUW_1463,2350,106,465,362,454,1333
mmsA2,1032,3,0,0,7,47
ABUW_1465,5,169,962,905,414,2812
ABUW_1466,26728,224,1655,1366,651,3083
ABUW_1467,4028,379,1438,975,1922,2657
ABUW_1468,7230,70,552,357,314,735
ABUW_1469,15620,26844,17964,25175,22087,41144
ABUW_1470,0,804,1977,1353,2146,6183
ABUW_1471,0,884,3248,2289,2960,6962
ABUW_1472,963,3146,23314,14745,17361,14966
ABUW_1473,208,1,1,1,1,2
ABUW_1474,899,0,0,0,0,0
ABUW_1475,2,348,640,429,891,1323
ABUW_1476,40768,35,104,202,204,706
gltS,1608,144,654,413,595,871
ABUW_1478,324,2,3,2,1,26
ABUW_1479,568,65048,23703,16077,76679,64010
ABUW_1480,1009,230,1502,1174,1239,3289
ABUW_1481,210,84,667,680,267,1370
ABUW_1482,49,266,343,170,729,1142
ABUW_1483,143,219,2465,1292,2368,1322
ABUW_1484,191,1,9,7,10,43
ABUW_1485,281,16,70,70,26,118
ABUW_1486,59,9,3,5,0,7
ABUW_1487,3063,2,11,21,5,30
ABUW_1488,3891,8,12,13,5,37
ABUW_1489,1757,33,9,11,9,14
ABUW_1490,1079,1784,2094,2302,759,2383
ABUW_1491,950,2556,1981,1687,1658,2779
ABUW_1492,167,6,10,7,46,15
ABUW_1493,2018,0,0,0,0,0
ABUW_1494,1569,3,6,5,1,1
ABUW_1495,334,1,1,8,0,0
proP,1910,0,0,1,1,4
ABUW_1497,95,5,12,8,11,14
ABUWs026,284,38,37,45,79,101
ABUW_1498,1867,1,1,9,5,6
ABUW_1499,1106,8,28,37,24,42
ABUW_1500,17291,30,24,41,12,45
pqiA2,2289,694,105,143,435,246
pqiB,1276,3,1,4,0,2
ABUW_1503,327,1,1,0,3,3
uraH2,5,67,54,62,177,62
ABUW_1505,1470,15,36,31,136,47
irlR,126,0,4,3,0,2
ABUW_1507,12613,0,5,4,11,9
ABUW_1508,3500,6,2,3,1,7
desC,5,1,5,3,6,11
ABUW_1510,983,20,32,23,30,46
ABUW_1511,694,2,5,4,8,5
cfa,7018,9,24,45,26,67
ABUW_1513,3974,7,27,9,49,40
ABUWs027,4883,4,0,1,3,2
ABUW_1514,4994,1,0,1,0,0
ABUW_1515,3028,8,20,50,18,43
ABUW_1516,398,45,52,89,34,102
ABUW_1517,2559,1,7,11,12,15
ABUW_1518,396,0,0,0,0,0
ABUW_1519,2916,14,36,44,34,90
ABUW_1520,1545,2,12,2,57,179
sndH1,725,0,2,5,4,1
ABUW_1522,3554,0,0,2,0,0
ABUW_1523,1558,2,0,10,1,12
ABUW_1524,3486,0,3,1,0,3
ABUW_1525,2626,0,1,1,0,0
ABUW_1526,192,5,0,1,2,3
gloB,10,4,3,5,2,5
metI2,1663,1,0,1,0,0
ABUW_1529,1037,0,1,0,0,0
ABUW_1530,7244,4,0,0,2,2
purD,7402,0,1,0,0,4
purH,2976,1,0,0,0,2
fis,462,0,1,0,0,0
ABUW_1534,1,16,4,2,4,14
prmA1,3,6,0,6,8,8
ABUW_1536,17,0,3,4,11,9
gidA,3,2,0,0,2,0
ABUW_1538,11,1,2,0,1,0
ABUW_1539,30,7,1,1,1,4
ABUW_1540,115,0,0,1,3,1
ABUW_1541,1872,0,0,0,2,0
ABUW_1542,675,0,0,0,0,1
ABUW_1543,1775,0,0,0,0,4
alr,128,7,16,51,6,51
dnaB,814,3,1,0,8,2
rplI,435,322,241,334,121,594
rpsR,2202,54,226,279,113,442
rpsF,5683,638,193,292,373,2312
cyoE,27930,106,238,277,203,968
cyoD,175,52,82,73,59,312
cyoC,557,208,702,415,440,1051
cyoB,432,53,87,103,80,401
cyoA,2748,85,280,756,185,2780
ABUW_1554,4152,701,227,643,462,5593
ppsA,1824,122,322,701,390,2208
ABUW_1556,938,970,2086,1376,702,3640
pgaA,8369,337,2910,1566,1461,2153
pgaB,5063,160,690,767,515,1786
pgaC,1486,119,476,544,269,1251
ABUW_1560,677,103,739,787,380,1468
ABUW_1561,4831,9,221,65,207,124
ABUW_1562,1430,146,1130,1129,1344,2771
ABUW_1563,2581,101,1520,1428,1315,1491
ABUW_1564,1144,47,272,194,124,407
ABUW_1565,113,168,1247,892,811,1930
ABUW_1566,1561,58,56,41,37,172
prfA,2713,35,157,93,47,258
hemK,11345,56,718,281,379,797
ABUW_1569,11313,267,321,247,238,1069
ABUW_1570,4787,1023,16621,6639,8565,8449
ABUW_1571,974,459,2828,1214,1018,2744
ABUW_1572,3093,858,858,914,1029,2959
ABUW_1573,790,119,243,248,228,579
ABUW_1574,1079,1,7,12,2,8
ABUW_1575,1032,69,1868,899,3427,1230
ABUW_1576,12270,4115,9720,6963,10870,12025
ABUW_1577,3251,1076,2723,2070,4776,2018
folB,1297,5,4,4,22,151
ABUW_1579,342,180,1163,823,600,969
ABUW_1580,5,192,886,644,1334,1140
kdpA,4652,10408,9224,13322,4248,7311
kdpB,2242,1992,5873,8048,3589,6152
kdpC,208,19215,5616,7625,7734,9099
kdpD,417,3150,6407,7916,5843,8351
kdpE,628,1479,6050,7135,4651,7652
ABUW_1586,177,212,1171,1665,504,1064
ABUW_1587,1019,936,1233,1070,1547,5218
ABUW_1588,1435,17,265,236,53,559
ABUW_1589,1001,415,2353,1937,1604,4802
ABUW_1590,1004,90,1564,997,966,1532
ABUW_1591,110,245,1020,722,1673,2155
ABUW_1592,620,848,2860,1956,3977,7489
acnB,1122,254,1281,903,2284,3933
ABUW_1594,524,272,718,857,417,1338
ABUW_1595,559,203,765,873,314,946
ABUW_1596,2,508,362,535,173,829
ABUW_1597,6,503,87,221,142,199
ABUW_1598,7,100,69,72,213,89
metR,5,34,206,61,151,259
ABUW_1600,62,0,9,6,5,19
ABUW_1601,423,73,86,82,57,128
rsuA,350,7,10,7,8,22
ABUW_1603,964,12,19,14,24,30
ABUW_1604,312,1,21,25,8,26
ABUW_1605,804,19,34,33,100,52
ABUW_1606,785,7,33,26,53,24
mutL,2070,8,34,23,41,41
miaA,2379,1,6,6,15,23
hfq,2598,688,3796,2507,2064,2291
ABUW_1610,1195,419,1956,1039,1600,2544
nfnB,357,336,825,378,136,590
ABUW_1612,2814,11,112,60,28,80
lpxH,6835,1641,1812,1009,3455,4677
ppiB,3316,204,1707,1000,859,999
glnS,3555,6090,2804,2115,2124,8845
ABUWs028,3530,695,3787,2183,1507,2442
ABUW_1616,550,343,3275,1660,988,1410
ABUW_1617,10,46,298,182,170,295
eutC,0,0,0,0,0,0
eutB,3889,1,1,3,3,25
eat,2770,1,3,5,0,11
ald1,5199,0,4,3,0,8
ABUW_1622,935,0,7,7,1,8
ABUW_1623,7376,1,7,19,3,42
ABUW_1624,1626,7,27,64,25,226
ABUW_1625,5237,255,1223,1621,698,2653
hpcD,1160,116,438,684,152,943
thiM,4,4122,918,1416,1736,9216
ABUW_1628,19244,28,80,121,12,503
ABUW_1629,2003,482,542,986,454,2539
pepN,874,145,181,306,232,673
ABUW_1631,3687,181,616,698,334,2205
ABUW_1632,3776,850,3681,3110,3124,9944
ABUW_1633,12275,4415,24058,11094,34171,12784
ABUW_1634,1198,69,183,151,52,423
ABUW_1635,2296,83,541,500,205,794
ABUW_1636,8101,25,480,604,239,558
ABUW_1637,819,320,836,505,737,3464
ABUW_1638,2099,210,1485,989,871,4053
ABUW_1639,1768,344,1866,876,971,1937
ABUW_1640,2252,80,1299,653,724,1292
ABUW_1641,1278,349,8608,4553,6967,7475
ABUW_1642,669,662,7827,8150,12741,8583
ABUW_1643,3130,234,1505,1008,1270,1840
ABUW_1644,4232,114,1136,780,468,700
ABUWs029,2764,1164,2298,3071,3011,17139
ABUW_1645,7530,421,1438,1939,1348,1724
ABUW_1646,201,843,2669,3818,1358,2864
ABUW_1647,875,202,1483,1960,1192,1131
ABUW_1648,180,124,485,610,181,669
ABUW_1649,348,663,1779,2172,1228,2050
ABUW_1650,30,1046,3093,3906,5709,3674
ABUW_1651,425,3716,9766,8676,11628,23649
ABUW_1652,9,5566,10207,8634,16805,15195
ABUW_1653,0,943,6618,6407,6549,7362
ABUW_1654,0,325,701,367,183,808
ABUW_1655,0,236,1945,1177,1078,3953
ABUW_1656,0,162,457,354,354,723
ABUW_1657,0,578,3551,2302,8512,2888
ABUW_1658,0,1329,2797,1663,10642,3893
ABUW_1659,0,12851,57028,29136,333738,29983
ABUW_1660,24,575,19103,11335,21243,3883
ABUW_1661,20,372,13084,8086,21551,3273
ABUW_1662,0,73,264,246,288,666
ABUW_1663,4229,547,2408,1778,4156,7310
ABUW_1664,7290,134,1278,793,328,1660
ABUW_1665,1000,70,314,260,78,580
mgtA,699,38,224,189,76,364
ABUW_1667,21,130,637,322,240,496
ABUW_1668,2865,97,124,101,63,227
ABUW_1669,1470,209,1247,782,477,1661
ABUW_1670,516,192,824,580,1100,1124
tal,2737,193,708,485,887,1880
ABUW_1672,629,183,410,491,343,2142
ABUW_1673,9449,17,97,147,21,284
ABUW_1674,388,57,255,293,162,1200
ABUW_1675,5681,120,637,478,342,1820
ABUW_1676,10871,47,329,282,144,724
ABUW_1677,7,134,407,263,196,663
ABUW_1678,922,2,38,15,5,42
smvA,738,3,13,9,9,26
dnaX,0,10,86,46,27,227
ABUW_1681,3185,54,98,413,67,1703
plc1,2583,138,48,273,86,1524
ABUW_1683,3901,240,117,392,323,3059
ABUW_1684,3487,171,37,160,41,898
ABUW_1685,101567,42,148,410,181,2135
ABUW_1686,1295,115,129,312,324,1559
murB,3193,364,999,941,310,1747
ABUW_1688,3234,316,843,767,482,2798
ABUW_1689,2030,518,1159,992,1002,4451
ABUW_1690,19454,103,724,442,308,1327
ABUW_1691,1594,27,246,201,40,463
ABUW_1692,1879,504,5094,2340,13234,2987
ABUW_1693,7340,799,6107,2272,9372,3419
ABUW_1694,672,183,4051,1536,1489,1603
ABUW_1695,2452,2084,1115,1123,1567,8051
accC,1547,969,1596,1630,1424,4823
accB,0,43,203,316,125,595
aroQ,11268,769,2348,1506,2019,4247
umuC,6041,1118,1938,1386,2227,3036
ABUW_1700,10247,723,1392,1266,3586,1068
ABUW_1701,8339,2863,8446,7146,1793,2602
nasT,2117,8951,15164,7694,2445,4324
ABUW_1703,2466,4701,1697,629,2910,2890
nirB,2704,721,2667,2090,4924,4314
ABUW_1705,3315,177,1226,706,692,1192
nasA,5971,2,7,6,10,35
mobA,2874,481859,22993,21794,479710,25033
ABUW_1708,158,661,1052,1335,794,4337
moaA,1951,442,630,686,304,1747
ABUW_1710,1347,326,1951,982,915,2913
moaE,4056,215,2199,978,999,2362
moaCB,1329,1528,8478,3775,6653,9974
ABUW_1713,12,238,638,409,524,1406
ABUW_1714,3415,202,1993,1310,645,3278
ABUW_1715,12601,715,3753,2876,1663,9622
ABUW_1716,10349,34,843,427,214,601
ABUW_1717,3857,364,674,626,494,3462
ABUW_1718,3971,572,300,405,309,2973
ABUW_1719,145,1206,530,452,856,5274
tusD,411,179,446,328,162,1072
ABUW_1721,448,42,384,261,69,618
fumC,0,1092,1205,706,1607,7513
ABUW_1723,9851,1369,1702,1688,3482,8687
ABUW_1724,343,301,1295,1336,1500,6874
ABUW_1725,5874,1849,2012,2260,2224,14829
ABUW_1726,1,24,214,139,49,521
ABUW_1727,10,67,623,563,327,1615
ispF,167,0,171,176,3580,274
ABUW_1729,1071,39,516,635,2412,1061
argF,563,26,12,10,400,317
ABUW_1731,466,27,230,185,91,258
ntrC,0,11,22,27,47,131
ntrB,322,9,3,14,7,115
ABUW_1734,866,1859,3007,4164,1659,5195
pyrH,597,1116,5095,6902,4468,8592
frr,3608,147,866,330,439,475
uppS,801,251,1156,646,1146,1573
cdsA,430,12,33,14,22,22
dxr,0,1405,1511,1636,1560,7819
rseP,572,444,970,727,720,2289
bamA,1,94,525,374,71,1239
skp,10753,539,2120,1368,1134,4122
lpxD,2155,178,1378,946,432,1826
fabZ,631,3931,11391,5793,9927,14820
lpxA,1556,55,315,236,207,1285
ABUW_1746,11425,509,4755,2049,2721,7214
ABUWs030,0,1706,9904,6120,5101,17454
recX,2087,2,6,27,2,56
recA,0,125,527,424,120,1020
hslR,33931,487,286,213,248,1012
ABUW_1750,20307,232,1389,1646,1266,5766
ABUW_1751,4236,211,1101,1727,392,4753
ABUW_1752,18228,826,1884,2751,1666,10660
ABUW_1753,1433,633,1588,1041,894,1381
ABUW_1754,1292,6696,20746,13876,9164,13523
ABUW_1755,1432,541,722,514,127,816
kynU,2210,1150,2852,1622,2927,4074
ABUW_1757,97,612,3702,2356,3792,3964
ABUW_1758,936,308,1746,1192,2393,1624
ABUWs031,2234,4111,37350,15518,13341,26228
ABUW_1759,6641,468,853,933,552,1679
ABUW_1760,2877,408,1153,924,292,1467
ABUW_1761,3978,1027,7201,3774,2822,4872
gdhB2,324,24,58,46,29,185
ABUW_1763,4330,471,2932,3395,1277,2497
ABUW_1764,1542,602,1268,1102,913,1402
ABUWs032,1889,2500,8535,6976,8344,13864
ABUW_1766,1153,1382,4762,2997,4476,5532
ABUW_1767,1940,2054,7096,3630,3763,8667
ABUW_1768,200,0,3,4,2,2
ABUW_1769,2835,3139,8196,7793,8882,10296
fruA,943,2792,1974,1375,4580,6923
pfkB,1528,333,1844,937,785,3340
fruB,688,391,2177,1003,783,2664
ABUW_1773,2831,644,2662,1335,1630,6320
ABUWs033,1718,2955,3536,2624,1745,6946
ABUW_1774,6,4294,1882,1229,1831,5787
ABUW_1775,13716,1086,2303,1901,3888,2629
ABUW_1776,264,310,1564,2074,2501,1096
brnQ,1042,1140,6412,6287,2747,2342
map2,534,740,2222,992,1912,2509
ABUW_1779,1169,0,7,9,2,13
ABUW_1780,538,5457,3363,4365,5844,14442
ABUW_1781,10,7413,145204,107559,205369,15266
argD,343,790,7322,3710,4918,4996
ABUW_1783,5852,740,5097,3067,2616,1814
ABUW_1784,306,270,4677,2396,3196,1237
ABUW_1785,57,115,57,70,36,388
ABUW_1786,35,489,116,200,191,1541
ABUW_1787,83,66,144,227,68,774
ABUW_1788,65,0,0,0,0,0
ftsY,19186,1167,12138,8423,5336,11249
ABUW_1790,28,139,234,152,197,539
ABUW_1791,236,2,12,9,35,18
ABUW_1792,161,809,1991,2903,1651,15397
ybgT,23,51,227,177,143,299
cydB,1217,194,1487,830,1813,570
cydA,3442,73,558,347,926,386
ABUW_1796,4509,46,349,194,276,393
ABUW_1797,39798,0,0,0,0,1
ABUW_1798,453,136,318,257,197,678
ABUW_1799,208,137,457,709,390,2184
ABUW_1800,1190,25,198,286,251,1287
ABUW_1801,1305,676,3477,2078,4984,4013
ABUW_1802,1506,198,276,403,152,1551
ABUW_1803,125,72,305,369,217,919
ABUW_1804,18737,0,0,0,0,0
ABUW_1805,18528,5817,4065,3578,5658,12557
ilvA1,430,3548,13856,7299,17441,16666
rpiA,227,1434,2453,1570,2729,4343
ABUW_1808,531,152,678,414,695,1363
ABUW_1809,169,905,1536,691,2683,5601
ABUW_1810,1,738,9114,3751,3638,4027
argC,84,1,0,2,1,43
ABUW_1812,693,1246,1431,1595,1459,4157
clpS,1264,0,5,5,0,2
clpA,0,9733,53290,22447,90025,19918
ABUW_1815,27,1224,56336,20324,29897,8466
ABUWs034,22,947,2801,4518,1175,5379
aro1,17,4230,9549,13723,7055,22421
ABUW_1817,10,676,1320,1211,1468,3010
ABUW_1818,10,61,1350,1055,620,1602
ABUW_1819,1,155,2481,1528,2048,1027
ABUW_1820,31,4545,3034,2655,4964,3336
ABUW_1821,5,80,1012,693,374,706
ABUW_1822,0,144,936,612,2244,1031
ABUW_1823,90,856,2305,1575,2634,4927
ABUW_1824,22,2832,3861,2884,7077,9933
pyrG,7,610,1913,1257,1316,3854
kdsA,92,4997,2633,2000,4191,9260
eno,666,556,8190,3259,3007,4396
ABUW_1828,94,170,1032,700,355,2985
ABUW_1829,370,154,932,682,640,2917
ispD,0,303,409,293,660,2167
pcaI1,56,366,251,219,303,781
pcaJ1,35,533,110,72,210,1472
pcaF1,14,798,2183,1506,3455,5946
pcaB,23,475,663,418,810,2169
pcaD1,57,401,1143,411,1089,2192
pcaK1,43,18,648,204,180,454
pcaC,51,359,6105,1493,1288,1241
pcaH,0,12,38,21,15,29
pcaG,0,462,1942,1230,1412,1405
aroD,0,3,0,0,1,5
quiC,0,1,3,3,5,29
quiX,0,2423,12805,6747,9478,7617
quiA,0,146,288,165,161,401
ABUW_1844,3,888,939,577,604,985
ABUW_1845,0,160,890,391,742,951
ABUW_1846,504,1000,2562,874,3067,1947
ABUW_1847,2,88,357,323,177,656
pcaU,1463,109,29,37,14,168
ABUW_1849,1235,18,52,57,30,180
ABUW_1850,1344,5,24,24,61,107
ABUW_1851,2,406,6573,2083,3353,6403
ABUW_1852,2698,30,573,261,129,334
ABUW_1853,1394,7,62,38,26,138
benP1,1731,1,37,20,24,99
ABUW_1855,985,17,210,58,25,198
ABUW_1856,7331,76,39,30,27,141
ABUW_1857,53,786,14723,3993,11663,1383
ABUW_1858,3903,4,241,135,73,243
ABUW_1859,6470,14,78,72,47,193
ABUW_1860,11246,5,106,41,39,72
ABUW_1861,3090,2,17,8,1,4
ABUW_1862,3,124,1159,607,1192,703
ABUW_1863,2,157,2513,980,388,1783
ABUW_1864,3875,1816,1617,780,1258,5263
ABUW_1865,510,8649,42651,19444,38083,56442
feaR,1758,0,13,21,3,46
tynA,496,652,65,95,206,957
ABUW_1868,862,113,19,41,16,267
feaB,1796,52,1004,618,1421,409
ABUW_1870,4407,269,286,333,305,657
pcaD2,98,446,437,530,891,1658
pcaF2,5,18,49,16,20,23
pcaJ2,1141,432,588,722,1646,9288
pcaI2,14409,1718,771,729,2531,14762
catA,276,19,35,46,58,436
catC,895,19,16,34,21,215
catB,220,10,41,60,119,344
catR,194,20,71,56,12,51
ABUW_1879,1232,2,11,9,4,7
ABUW_1880,5,34,6,5,11,8
ABUW_1881,5,190,75,123,128,199
ABUW_1882,3,14,36,67,14,33
ABUW_1883,1,170,54,106,50,81
ABUW_1884,0,0,0,0,0,0
ABUW_1885,0,47,69,37,411,16
cpo,1,0,0,0,0,0
ABUW_1887,18,0,18,10,4,24
ABUW_1888,0,13,15,26,20,179
ABUW_1889,0,134,63,91,59,855
ABUW_1890,3,112,292,235,301,1036
ABUW_1891,0,85,128,124,209,439
ABUW_1892,51,0,0,0,0,0
ABUW_1893,3,486,374,838,556,1514
ABUW_1894,41,418,182,463,491,1133
ABUW_1895,1,0,0,1,0,0
ABUW_1896,2,602,294,683,993,2075
ABUW_1897,5,598,287,630,636,1168
ABUW_1898,0,1007,285,494,552,1204
ABUW_1899,1,697,367,612,671,1208
ABUW_1900,51,0,1,2,0,1
ABUW_1901,1,60,134,1587,1124,9697
sndH2,20,815,4116,8311,1958,1661
ABUW_1903,3,1317,3928,5826,6903,2470
ABUW_1904,0,559,7582,12674,3404,1782
ABUW_1905,0,392,3396,5264,2627,1951
ABUW_1906,0,66,3,30,6,354
gdhB1,0,17,34,168,32,491
ABUW_1908,0,73,101,438,49,1713
ABUW_1909,0,4,450,704,211,963
ABUW_1910,0,0,1,1,0,8
ABUWs035,5148,5,5,16,5,50
ABUW_1911,2102,5,25,22,8,58
ABUW_1912,1010,0,11,19,8,32
ABUW_1913,2271,3,55,45,54,34
ABUW_1914,1133,188,610,681,710,960
ABUW_1915,3,0,8,6,17,5
ABUW_1916,1769,0,0,0,0,1
ABUW_1917,763,63,39,18,221,1111
ABUW_1918,403,0,0,0,0,2
ABUW_1919,2186,0,1,0,4,3
ABUW_1920,1,0,0,0,0,0
ABUW_1921,240,25,6,1,40,150
ABUW_1922,1646,1,0,0,1,0
ABUW_1923,537,46,9,0,49,167
ABUW_1924,571,0,0,0,0,2
ABUW_1925,2704,436,288,202,326,1668
ABUW_1926,2158,0,0,0,0,0
ABUW_1927,112,225,955,987,796,2947
ABUW_1928,1419,124,781,625,733,2480
ABUW_1929,1774,97,898,633,737,1834
ABUW_1930,2978,2,0,0,0,19
ABUW_1931,242,141,2188,843,255,1184
ABUW_1932,8324,917,2364,1337,1207,2707
ABUW_1933,3209,212,2420,1194,1038,1765
ABUW_1934,8612,146,1507,949,378,741
ABUW_1935,2266,16988,9416,3922,20945,5739
ABUW_1936,1844,34,933,284,241,161
ABUW_1937,422,27,111,105,107,414
ABUW_1938,385,3726,9480,4403,9435,7245
ABUW_1939,2091,2130,1980,1414,1124,7218
ABUW_1940,42,1935,8261,5148,3708,17300
ABUW_1941,354,1152,3334,1859,1205,4598
ABUW_1942,12,0,4,6,0,2
ABUW_1943,0,0,1,0,0,1
ABUW_1944,1103,295,3944,2078,791,2744
ABUW_1945,1913,17,313,238,106,669
ABUW_1946,7512,91,942,559,248,2186
ABUW_1947,1,29,277,193,111,581
ABUW_1948,600,36,340,327,394,637
ABUW_1949,735,154,937,608,793,1899
ABUW_1950,454,856,3106,1990,5299,6877
ABUW_1951,600,14,165,88,50,253
ABUW_1952,868,7,11,1,21,19
ABUW_1953,1,237,9839,4230,1256,1578
ABUW_1954,9330,25683,37079,14350,13121,9655
ABUW_1955,6483,101,171,109,118,388
ABUW_1956,1588,168,413,270,402,928
ABUW_1957,2958,215,63,71,181,194
ABUW_1958,2793,30,41,30,35,85
ABUWs036,2849,127,1246,386,1465,2139
ABUW_1959,2852,2,44,31,30,65
ABUW_1960,809,7,1,0,54,409
ABUW_1961,685,0,1,0,2,1
ABUW_1962,3331,2,0,0,1,1
ABUW_1963,0,0,1,0,0,14
ABUW_1964,179,0,0,0,0,0
ABUW_1965,20,0,0,0,0,5
ABUW_1966,145,0,0,0,84,4
ABUW_1967,737,161,3,0,19,1067
ABUW_1968,1227,0,1,0,0,22
ABUW_1969,1726,0,0,0,0,3
ABUW_1970,2468,10,0,0,1,97
ABUW_1971,2030,0,0,0,0,6
adeS,2,1262,28,5,1119,12481
adeR,3106,37,1,0,8,228
adeA,433,271,26,6,200,4840
adeB,4910,0,0,0,1,2
adeC,8182,0,0,0,0,8
ABUW_1977,1,69,0,0,5,329
ABUW_1978,7617,2,0,0,0,9
ABUW_1979,2519,322,55,34,246,1825
ABUW_1980,347,933,96,20,352,7071
ABUW_1981,439,17,2,0,1,18
ABUW_1982,226,24,6,0,128,1199
ABUW_1983,833,19,5,0,10,217
ABUW_1984,1946,2,0,0,5,25
ABUW_1985,467,20,0,0,14,73
ABUW_1986,726,0,0,0,0,0
ABUW_1987,2593,0,0,0,0,0
ABUW_1988,83,1,0,0,0,4
ABUW_1989,600,3,1,0,6,83
ABUW_1990,14,0,0,0,0,0
ABUW_1991,550,261,5697,5244,4258,5064
ABUW_1992,270,365,1656,581,527,971
ABUW_1993,5,206,1222,498,191,638
ABUW_1994,18,3701,1789,1166,2868,7155
ABUW_1995,6251,122,727,722,450,1969
ABUW_1996,31,0,6,2,0,8
ABUW_1997,207,331,1633,795,601,1503
ABUW_1998,8,70,765,498,1087,1152
ABUW_1999,14,52,196,157,74,395
ABUW_2000,17,6073,5215,4012,7473,3157
ABUW_2001,14,1,24,28,34,23
ABUW_2002,310,304,377,258,103,1444
ABUW_2003,9,421,1211,793,451,2460
ABUW_2004,2457,96,373,287,174,448
ABUW_2005,8,113,788,529,210,770
ABUW_2006,1396,121,1282,998,3112,2069
ABUW_2007,76,2979,9220,6448,11061,4270
ABUW_2008,8,5,143,57,22,92
ABUW_2009,0,91,479,457,668,1145
ABUW_2010,1,208,810,464,713,1530
ABUW_2011,656,446,1882,968,791,2471
ABUW_2012,1373,97,177,103,219,337
ABUW_2013,9,2156,6897,3280,3971,5803
ABUW_2014,5,1152,3442,1608,788,3195
ABUW_2015,6,575,7821,5283,1605,7243
ABUW_2016,217,409,759,707,1123,2996
ABUW_2017,11,234,1037,1183,867,2118
ABUW_2018,332,85,435,371,252,817
ABUW_2019,3,55,222,225,269,570
ABUW_2020,9,624,1314,919,933,1573
ABUW_2021,20,64,207,216,60,390
ABUW_2022,4,1,33,18,6,41
ABUW_2023,10,0,0,0,0,0
ABUW_2024,1,243,904,605,498,1576
ABUW_2025,3,662,1396,1247,918,1807
ABUW_2026,5,1070,7814,6915,5473,19279
ABUW_2027,17,0,1,4,0,1
ABUW_2028,22,107,1116,511,230,958
ABUW_2029,26,1084,631,554,1293,1319
ABUW_2030,32,163,1255,387,1270,1114
ABUW_2031,9,95,978,796,925,1787
ABUW_2032,2,856,1983,1207,1509,2565
ABUW_2033,16,1,0,0,0,0
ABUW_2034,2,947,2789,2391,2139,12796
ABUW_2035,0,5405,2792,1779,1579,10054
ABUW_2036,2,66,618,500,229,1270
ABUW_2037,0,1687,848,965,1447,6246
ABUW_2038,3,457,2125,1474,1157,3904
ABUW_2039,0,572,1279,1127,817,4069
ABUW_2040,2,585,1931,1145,1064,4738
ABUW_2041,3,35,614,304,223,737
ABUW_2042,4,38,899,530,572,596
ABUW_2043,1,572,2290,1917,1983,5568
ABUW_2044,3,0,0,0,0,0
ABUW_2045,11,432,550,238,646,866
ABUW_2046,5,138,86,71,57,197
ABUW_2047,8,14,90,62,95,116
ABUW_2048,18,345,332,278,205,586
ABUW_2049,15,377,567,396,184,825
ABUW_2050,2,415,600,333,280,938
ABUW_2051,2,1450,1750,1345,1410,2803
ABUW_2052,1,214,1299,823,634,1181
ABUW_2053,0,0,1,0,0,4
ABUW_2054,1,3656,935,1109,1440,4376
ABUW_2055,627,185,471,422,362,395
ABUW_2056,3,3815,2099,1053,2088,4700
adhC,8,1120,6126,3426,3606,5492
ABUW_2058,108,1,0,0,0,4
ABUW_2059,3,2425,6919,3251,4165,4904
ABUW_2060,0,924,1903,1577,566,1655
ABUWs037,0,73,132,44,108,51
ABUW_2061,523,19,255,226,75,133
ABUW_2062,173,1796,426,358,379,791
ABUW_2063,23,61,426,181,283,649
ABUW_2064,21,256,1168,1142,405,2018
ABUW_2065,276,75,428,355,195,794
acdP,27,365,477,558,137,1255
ABUWs038,74,284,5349,2323,2443,3481
pqqE,51,66,101,160,49,882
pqqD,117,866,531,846,296,2418
pqqC,86,32,41,57,26,518
pqqB,1501,271,589,758,305,1526
pqqA,1,243,335,356,442,1200
ppk1,616,6,9,11,12,23
ABUW_2073,363,177,230,241,500,92
ABUW_2074,80,416,3386,3132,2497,4932
ABUW_2075,148,6,518,157,2143,500
ABUW_2076,21,248,3583,836,7969,2297
modC,385,24,740,290,491,517
modB,154,97,54,35,99,386
modA,237,58,7,7,115,465
ABUW_2080,333,32,78,61,79,127
antA,707,996,1778,1114,931,3961
antB,696,15,23,15,4,60
antC,78,633,2052,3306,1948,2590
ABUW_2084,23,13,408,351,46,179
ABUW_2085,92,53,296,220,189,489
ABUW_2086,51,3,24,23,13,9
ABUW_2087,3,0,5,8,10,6
ABUW_2088,9,0,0,0,0,0
ABUW_2089,0,219,96,51,384,242
ABUW_2090,10,3,10,24,6,11
ABUW_2091,16,1,4,5,2,9
bdhA,1533,2,6,6,2,0
ABUW_2093,7802,156,201,298,340,354
ABUW_2094,2135,8,25,42,25,30
ABUW_2095,283,184,94,146,199,211
atoD,301,2,32,39,39,56
atoA,3986,0,7,13,21,19
atoE,2712,32,30,35,52,72
ABUW_2099,415,3,15,25,3,24
ABUW_2100,494,9,22,39,12,24
ABUW_2101,188,1,10,20,6,13
ABUW_2102,65,1,18,21,4,17
ABUW_2103,218,2,13,13,11,13
aspA,497,44,69,109,75,46
ABUW_2105,653,48,49,36,108,116
pcaT,0,13,55,54,30,58
ABUW_2107,2721,10,65,62,64,76
ABUW_2108,4818,1,17,13,25,41
ABUW_2109,1910,2,19,13,19,15
ABUW_2110,4,14,44,58,69,62
ABUW_2111,30,16,11,16,14,18
ABUW_2112,102,1,3,5,11,5
ABUW_2113,2512,2,16,24,5,4
ABUW_2114,1583,3,5,2,8,2
chrA1,10,2,3,2,2,4
ABUW_2116,473,22,13,3,40,8
ABUW_2117,978,2,1,1,0,0
ABUW_2118,304,10,1,1,8,0
ABUW_2119,680,8,3,5,10,3
ABUW_2120,311,0,5,6,2,0
ABUW_2121,0,7,3,3,19,8
ABUW_2122,136,4,2,6,4,8
ABUW_2123,120,0,2,7,0,4
ABUW_2124,7,11,29,39,37,53
ABUW_2125,58,5,14,29,15,51
ABUW_2126,76,1,14,34,17,15
budC,39,19,53,90,38,127
lpdA2,55,21,99,178,46,164
acoC,27,3,10,26,8,31
acoB,30,5,5,11,12,25
acoA,0,4,11,15,5,16
lipA2,0,0,3,4,7,0
ABUW_2133,0,1,18,39,14,38
ABUW_2134,0,84,268,435,35,387
ABUW_2135,4,16,65,102,67,91
aroC,0,21,47,40,51,84
prmB,426,18,20,10,43,68
trpB2,1973,0,12,13,5,11
ABUW_2139,15884,0,0,0,0,0
ABUW_2140,4556,222,184,427,353,1644
ABUW_2141,2544,93,67,203,50,765
ABUW_2142,2338,52,23,48,5,311
ABUW_2143,0,34,35,110,15,308
ABUW_2144,1893,26,16,47,19,625
ABUW_2145,682,13,24,51,23,154
ABUWs039,1979,51,23,36,40,240
rnd,709,424,1763,1706,687,1969
recR,487,627,1282,1030,342,1669
ABUW_2148,1092,3436,2304,2694,3899,2511
ABUW_2149,137,3,20,14,5,58
metZ,58,9,3,13,4,30
ABUW_2151,162,104,950,264,407,406
ABUW_2152,49,0,2,2,0,0
ABUW_2153,0,76,326,525,60,339
ABUW_2154,230,24,115,203,30,227
ABUW_2155,80,3,37,59,37,45
ABUW_2156,2,2,11,24,4,26
ABUW_2157,8141,0,3,3,5,3
ABUW_2158,4539,1400,17232,6654,72874,6056
ABUW_2159,4217,651,3905,1730,33644,3007
ABUW_2160,1947,96,657,409,164,1146
ABUW_2161,3194,19256,3229,1496,13462,9256
ABUW_2162,106,586,1177,1444,1155,721
ABUW_2163,129,531,927,752,565,673
lpxB,2376,54201,94793,86835,59899,256168
ABUW_2165,1059,10418,19778,26700,10133,28900
ABUW_2166,0,477,4521,5857,541,3131
ABUW_2167,0,26928,36508,45636,10763,54245
ABUW_2168,257,13194,29239,32659,6885,22870
ABUW_2169,5683,7,8,5,1,46
aro2,137,238,1269,747,1129,1693
cobS,271,844,2957,1734,3350,4477
ABUW_2172,241,157,2063,1346,1183,1205
cobC,139,5,7,22,16,37
cobT,241,26,11,12,16,71
cobU,177,233,48,69,61,414
ABUW_2176,139,372,1360,1072,1790,2751
ABUW_2177,3448,59,505,403,298,1452
ABUW_2178,18463,1,11,7,7,9
ABUW_2179,358,34,336,297,101,786
ABUW_2180,1,642,767,385,606,1796
ABUW_2181,6069,69,351,195,79,435
ABUW_2182,15852,89,624,339,144,486
ABUW_2183,9361,36,450,251,86,460
ABUW_2184,16274,0,0,0,0,0
ABUW_2185,4082,76,396,97,298,907
ABUW_2186,4753,60,301,110,94,679
ABUW_2187,4330,0,23,9,0,62
ABUW_2188,7187,13,82,59,24,357
ABUW_2189,2964,26,74,66,34,514
ABUW_2190,11488,28,23,29,27,316
ABUW_2191,4506,183,35,46,57,731
ABUW_2192,13528,8,14,26,9,158
ABUW_2193,5036,7,35,37,13,172
ABUW_2194,278,0,0,0,0,0
alkM,983,0,0,0,0,0
alkR,2041,0,0,0,0,0
ppiD,1953,0,0,0,0,0
hup,1054,3,0,1,22,83
ABUW_2199,1,42,217,181,73,551
ABUW_2200,2406,273,1161,1074,523,2318
iscR,10160,1812,12491,4883,6616,10631
iscS,13710,1703,4142,1465,1142,3087
iscU,5865,715,3601,1230,828,2798
iscA,2393,176,1360,660,1010,1608
hscB,16918,534,1155,633,2341,4196
hscA,374,63,489,418,537,800
fdx,2677,461,940,856,744,2700
ABUW_2208,2186,173,347,258,151,912
ABUW_2209,578,251,314,259,138,839
mfd,372,271,1064,769,714,2266
ABUW_2211,1487,59,131,137,44,159
ABUW_2212,788,47,35,26,50,77
ABUW_2213,496,176,69,75,82,149
rraA,1643,19,31,21,12,38
ABUW_2215,2957,0,2,1,0,1
rpsT,10502,252,542,323,312,494
ABUW_2217,0,129,169,182,90,195
cysQ,4656,10382,4184,4149,6538,22001
ABUW_2219,4143,962,2938,1538,3239,4921
ABUW_2220,5435,371,2676,1381,2726,3217
ABUW_2221,588,328,2037,1360,1294,1332
ABUW_2222,2426,2583,13923,22435,4627,5076
ABUW_2223,949,51,115,193,109,131
ABUW_2224,3327,21,141,219,275,131
ABUW_2225,1065,364,1954,1542,1996,4177
ABUW_2226,220,92,677,464,500,1267
ABUW_2227,469,7,1,0,5,7
ABUW_2228,409,9,1,0,3,7
ABUW_2229,0,36,110,114,67,294
ABUW_2230,0,532,6905,3442,2943,11922
ABUW_2231,0,31,92,453,277,1278
ABUW_2232,0,35,124,558,292,1723
ABUW_2233,0,63,151,527,376,1423
glcB,0,6,98,357,47,406
ABUW_2235,1,59,44,34,60,257
ABUW_2236,8,63,554,1239,192,203
ABUW_2237,470,19,572,198,298,214
ABUW_2238,128,753,5245,3130,4480,3210
pyrF,81,2316,15810,8297,13798,8539
ABUW_2240,15,100,1432,852,225,701
ihfB,713,0,0,1,0,0
rpsA,138,2054,1088,2194,1734,13642
cmk,24592,13407,3384,6588,8285,78391
ABUW_2244,1621,2879,2039,3465,1563,19931
ABUW_2245,2744,6680,4334,6650,5479,36076
ABUW_2246,1346,370,1743,2684,478,8670
ung,3362,1427,1740,2016,2224,18535
ABUW_2248,4258,3650,1455,1514,3604,12055
gspK,4777,911,4150,4335,2957,14330
gspJ,1325,283,2492,2671,380,5739
gspI,1622,3476,7198,5553,6659,13310
gspG,904,718,3650,2564,4020,6237
ABUW_2253,0,4919,8967,5607,14062,13418
ABUW_2254,2,7699,3642,2520,12192,10445
pilZ,9,21,140,120,58,389
holB,0,84,368,284,251,1229
kdsB,0,331,958,700,806,3378
lpxK,0,517,1240,951,1765,6264
msbA,0,171,664,565,747,2236
ABUW_2260,0,0,3,3,0,16
ABUW_2261,0,167,2966,2023,2045,5951
spoOJ,0,1653,4325,3030,3504,11219
soj,5079,6045,17225,10074,28943,8696
gidB,1230,1190,5332,9202,10701,4829
ABUW_2265,191,896,2085,1275,1961,4150
ABUW_2266,1203,3754,12473,10941,13615,14217
ostA,2464,41,224,143,58,337
surA,7963,464,1212,1254,902,7582
fba,3406,335,1201,1022,518,2449
ABUW_2270,20983,31,327,486,271,971
pgk,121,632,291,154,436,2767
ABUW_2272,122,126,1390,559,559,1276
maf2,106,125,150,155,135,1134
ABUW_2274,541,224,132,104,168,786
ABUW_2275,0,267,2133,945,3097,1842
ABUWs040,677,454,2778,4656,270,1697
ABUW_2276,2005,3295,4080,6081,3200,5309
sstT,375,5536,1256,1237,2513,3945
ABUW_2278,605,289,2664,1348,795,1853
ABUW_2279,150036,689,9767,16325,46006,28285
ABUW_2280,12306,147,615,468,220,286
ABUW_2281,85699,151,2449,925,625,1953
ABUW_2282,14032,70,338,221,205,576
gcvH,1022,489,1236,1109,1000,3542
npdA,7271,670,2087,2646,1973,1436
putP,1584,42,988,316,233,1065
ABUW_2286,8548,202,2140,785,434,2330
putA,8237,531,8850,4077,1248,9642
ABUW_2288,1590,110,654,359,229,411
trmA,3294,420,170,115,125,1096
ABUW_2290,2896,86,155,161,67,555
ABUW_2291,3158,0,0,0,0,0
ABUW_2292,519,420,773,642,692,910
ABUW_2293,474,134,209,243,251,597
ABUW_2294,0,6041,15781,20381,18146,36249
tkt,36,803,232,420,319,1848
metK,5170,289,1884,1307,1819,2449
ABUW_2297,135,655,1657,1028,5077,2406
ABUW_2298,2,352,3345,2145,1876,1775
fxsA,97,892,356,301,691,1131
bla-OXA-69,201,2577,4419,3302,3134,9607
yncA,147,218,2327,1667,488,3029
ABUW_2302,168,699,2640,1985,1053,2800
ABUW_2303,1141,269,1928,908,3223,1459
ruvC,2741,3,18,14,13,9
ABUW_2305,8,2,7,6,21,12
ABUW_2306,7888,0,0,0,0,0
bioB,631,2,1,0,76,51
ABUW_2308,21,65,7,0,57,779
ABUW_2309,103,2,0,0,4,71
ABUW_2310,83,0,0,0,0,0
ABUW_2311,92,0,0,0,0,0
ABUW_2312,1,0,0,0,0,0
ABUW_2313,89,0,0,0,0,0
ABUWs041,9853,0,0,0,0,0
ABUW_2314,11185,0,0,0,0,0
ABUW_2315,2074,4569,5762,2972,10472,5777
ABUW_2316,1415,281,919,510,341,686
ABUW_2317,2124,276,529,327,101,666
ABUW_2318,1327,311,813,441,391,1350
ABUW_2319,4050,333,1835,909,853,1153
ABUW_2320,10462,1634,5300,4051,9379,8136
ABUW_2321,4618,311,1547,1567,1465,1195
ABUW_2322,7148,944,21527,6412,6956,10486
ABUW_2323,1288,1386,80,149,290,1150
ABUW_2324,2338,41,91,93,111,238
ABUW_2325,8268,25,77,99,93,184
ABUW_2326,15987,161,479,592,327,1029
ABUW_2327,3589,0,0,0,0,2
ABUW_2328,2281,354,1611,1670,464,696
ABUW_2329,6303,1122,3667,3505,4977,2160
gltL,4306,39,30,45,39,89
gltK,4335,129,637,576,695,1289
gltJ,3370,1,4,5,0,3
gltI,2764,173609,377502,259636,116954,63579
ABUW_2334,5264,13262,57824,40957,48229,19848
ABUW_2335,3426,65009,145474,98011,74428,36975
ABUW_2336,5169,7846,14057,4091,10316,9860
ABUW_2337,1902,621,1047,608,1602,1007
metQ1,2564,6427,5637,3553,10073,2265
metQ2,5444,449,1465,1377,899,399
metN1,8445,3899,413,483,106,241
ABUW_2341,4890,1836,385,323,68,97
ychF,5134,621,50,53,27,14
ABUW_2343,15745,757,225,142,25,16
ABUW_2344,3433,243,216,131,46,33
ABUW_2345,11023,367,277,267,41,45
ABUW_2346,8830,93,758,328,336,393
ABUW_2347,8562,198,763,538,1713,614
ABUW_2348,194,0,2,5,0,0
ABUW_2349,3147,37,31,15,47,112
purT,4512,1,4,4,10,5
glnD,0,841,3534,2013,2861,1433
ABUW_2352,1175,30,489,346,236,154
ABUW_2353,1216,7,22,12,4,34
ABUW_2354,0,137,537,347,323,712
gpo,4,235,385,355,178,549
msrB,205,65,324,286,109,333
ABUW_2357,95,1291,47354,83847,156890,29645
ABUW_2358,533,2378,1158,1816,220,1775
aspQ,4275,15948,1789,2796,969,4559
dnaE,1959,1,1,0,3,4
ABUW_2361,30,0,32,12,20,21
cysE,203,292,212,171,144,1084
ABUW_2363,99,137,337,312,117,719
ABUW_2364,234,679,605,568,708,1178
ahpF1,663,28,100,128,20,114
chrA2,1,27,41,38,21,65
xxx,0,7406,3218,2578,8655,27793
ABUW_2368,21,4562,2949,2468,3458,18276
arsB1,2097,144,636,369,319,1289
arsR1,544,234,571,318,535,1533
arsC1,274,125,1069,472,595,1115
ABUW_2372,550,395,878,369,1343,1063
ABUW_2373,385,8177,1165,1631,1803,22371
ABUW_2374,1076,4019,4235,6778,4582,31712
ABUW_2375,1336,6228,1587,1930,2561,9551
ABUW_2376,581,6014,2269,2728,4522,31070
ABUW_2377,1236,304,423,667,88,3233
hyu,972,956,1026,1504,670,6688
tauD,1111,3970,3646,4340,5572,18003
tauC,1476,3667,7307,7065,5750,28910
tauB,721,10243,1225,1775,3219,45815
tauA,337,1071,179,857,261,4634
ABUW_2383,87,24326,513,1819,3021,49778
ABUW_2384,178,1363,307,1651,572,9178
ABUW_2385,4,593,477,2087,646,9643
ABUW_2386,1679,695,327,1884,454,8068
ABUW_2387,1052,427,207,1007,453,6719
ABUW_2388,82,1071,515,2266,882,13790
cioA,10,864,349,1528,449,9882
cioB,33,2102,550,1858,1748,20327
ABUW_2391,187,2609,370,1479,125,10360
ABUW_2392,88,289,290,1059,113,4135
mdcR,86,4142,801,1973,1982,25241
madM,178,4982,1413,2977,2276,17204
madL,158,4324,928,1694,1757,30073
ABUW_2396,140,4968,1156,2261,1053,14581
mdcG,0,36251,3888,5093,9385,121826
mdcE,3239,401,1158,1602,737,6762
mdcD,4139,27453,2537,2777,4761,86734
mdcC,17325,16732,3654,4645,5023,26081
mdcB,2330,2878,2354,2888,2285,17242
mdcA,325,212,932,564,348,693
ABUW_2403,2336,804,1253,1570,1328,7051
ABUW_2404,2095,2498,2097,1449,3674,5558
ABUW_2405,203,0,0,0,0,4
ABUW_2406,2373,182,896,611,301,931
ABUW_2407,6,871,760,430,692,1569
ABUW_2408,6347,0,0,1,0,0
ABUW_2409,665,25,222,110,59,160
ABUW_2410,1165,7,154,58,10,76
ABUW_2411,12,398,626,342,174,1074
ABUW_2412,7578,797,1319,1520,1458,6372
ABUW_2413,55433,423,2274,1348,1235,3810
ABUW_2414,2210,4,93,27,26,50
srpH,1272,69,250,126,116,406
ABUW_2416,2008,19,35,84,9,220
ABUW_2417,478,66,123,201,66,527
ABUW_2418,3,133,151,213,45,354
ABUW_2419,3137,0,0,0,0,3
ABUW_2420,4876,510,1342,987,823,1634
ABUW_2421,419,150,525,300,448,581
ABUW_2422,330,234,146,126,110,186
ABUW_2423,149,71,237,271,231,349
ABUW_2424,692,176,231,274,99,430
ABUW_2425,134,1162,550,614,675,1401
ABUW_2426,430,132,508,304,1955,609
ABUW_2427,1143,267,376,362,604,558
ABUW_2428,281,207,659,767,791,1343
ABUW_2429,1416,141,476,464,481,1127
ABUW_2430,795,265,531,593,247,673
umuD,75,303,734,1012,480,1338
ABUW_2432,5017,203,3412,1576,1973,1095
ABUW_2433,372,26,107,71,82,382
ABUW_2434,17087,169,41,34,48,850
ABUW_2435,18528,11,59,48,48,163
katE,1370,216,237,246,311,1025
ABUW_2437,207,680,901,1114,799,639
cinA1,5542,62,104,282,81,543
ABUW_2439,6753,259,24,282,93,819
ABUW_2440,815,76,43,572,76,1084
ABUW_2441,1037,645,180,2172,541,5747
ABUW_2442,334,122,106,733,74,1400
ABUW_2443,109,50,110,932,76,1257
ABUWs043,1,62,149,970,157,1548
ABUWs042,1491,33,173,1136,107,1534
ABUW_2444,1352,3507,1619,1483,748,4435
ABUW_2445,292,179,1318,1450,2239,559
ABUW_2446,2,40,657,551,352,353
ABUW_2447,163,202,4585,3902,1642,1808
ABUW_2448,1,1813,986,1277,1289,13660
ABUW_2449,1415,205,3603,1686,2418,1089
ABUW_2450,2834,630,1382,537,852,3486
ABUW_2451,775,220,1866,484,493,1963
ABUW_2452,818,30,276,186,126,691
ABUW_2453,529,3241,10592,2562,5248,12536
mgh,2476,6,3,5,0,11
ABUW_2455,907,6184,3701,2726,9027,7315
ABUW_2456,1703,237,415,271,362,1800
ABUW_2457,960,238,557,375,576,1541
ABUW_2458,279,2,22,14,4,70
ABUW_2459,229,3682,19529,23325,7349,5734
acdB2,1,33802,89299,104917,86107,43793
ABUW_2461,1310,441,3089,3344,5419,4278
ABUW_2462,26,263,1499,1492,610,1306
ABUW_2463,297,206,1993,1556,811,2090
dcaJ,275,10,113,63,96,83
dcaI,234,435,489,637,76,1075
dcaK,279,2,0,1,3,12
dcaA2,187,241,2545,2468,1017,2773
dcaE,762,1520,1528,1088,1446,8637
dcaC,31,56,888,650,215,590
dcaH,50,380,423,266,300,410
dcaF,4378,26,201,128,43,59
dcaR,18031,97,626,378,517,625
ABUW_2473,2100,17,33,40,14,89
ABUW_2474,4976,4,201,242,139,329
ABUW_2475,81,386,506,298,299,542
dcaS,1233,15,133,109,17,285
caiB1,108,346,1495,1380,1877,1101
dcaA1,189,761,409,386,788,1446
mucK1,0,33,357,187,163,266
phnX,328,21150,5856,4980,10058,5124
phnW,6,206,109,120,266,393
ABUW_2482,282,4647,6048,7487,6399,12063
ABUW_2483,783,33468,5744,4203,12944,23415
ABUW_2484,904,133,845,456,229,420
ABUW_2485,2346,39,136,60,31,105
ABUW_2486,569,10429,22368,18705,85218,12731
pobA,1577,227,5656,2019,1818,4578
pobR,6079,127,632,371,667,675
ABUW_2489,239,67,706,276,171,436
ABUW_2490,3482,91,272,221,211,502
ABUW_2491,137,142,52,43,119,505
gabD2,2261,1,0,0,0,0
ABUW_2493,855,124,498,458,264,1526
ABUW_2494,4209,107,295,351,110,900
ABUW_2495,46,410,772,902,931,4005
ABUW_2496,34,264,116,62,293,323
ABUW_2497,3875,0,1,1,0,1
ABUW_2498,6461,116,95,78,84,523
ABUW_2499,2909,3466,1059,736,1314,3476
ABUW_2500,2457,58,569,383,97,759
ABUW_2501,800,39,824,374,303,497
ABUW_2502,5182,58,898,406,1339,735
ABUW_2503,7060,97,1002,477,1254,2091
ABUW_2504,1746,92,709,391,300,1179
ABUW_2505,468,483,701,993,379,5007
ABUW_2506,1121,255,277,485,91,1448
ABUW_2507,109,11,734,229,164,456
ABUW_2508,274,45,151,112,118,473
ABUW_2509,758,0,0,1,0,0
ABUW_2510,2,113,866,1193,807,2668
ABUW_2511,157,124,324,252,138,482
ABUW_2512,1234,34,415,146,197,516
csp2,0,10,12,4,4,56
ABUW_2514,153,49,56,100,80,196
ABUW_2515,216,99,92,203,90,291
ABUW_2516,2,37,119,87,105,229
ABUW_2517,297,76,466,359,130,783
ABUW_2518,150,10,173,191,89,305
ABUW_2519,3000,10,282,248,376,175
ABUW_2520,10138,5158,6715,4990,10261,11385
ABUWs044,6466,1197,7429,4045,3065,11148
ABUW_2521,6700,112,2579,1506,1538,1999
ABUW_2522,1552,6461,36764,35735,15881,12425
paaI1,77,28,168,44,85,130
paaY,155,252,834,379,870,1692
paaX,5633,69,132,72,190,137
paaF,244,172,311,368,357,192
paaE,1,0,0,0,0,0
paaC,3474,63,372,152,538,298
paaB,0,11,60,67,22,105
caiD,1,142,875,683,189,1131
paaK,415,84,1383,743,307,1784
paaJ,273,277,216,238,896,1196
paaI2,206,851,632,495,106,638
paaH,20,195,845,703,245,1869
paaG,101,896,10925,10892,6415,2392
paaN,84,177,290,348,47,561
sdaA,85,432,3995,2231,1960,7631
ABUW_2539,36,40,265,219,22,377
ABUW_2540,6,496,1112,1378,579,5643
ABUW_2541,0,35,699,423,200,1804
aldH,0,491,2640,1719,2736,1330
ABUW_2543,106,4,11,22,12,25
ABUW_2544,97,3,10,6,14,41
ABUW_2545,0,16,46,27,9,65
ABUW_2546,523,530,1753,2358,1108,1776
ABUW_2547,142,5174,2522,2771,3104,3347
ABUW_2548,1697,1011,1261,1366,1111,1066
ABUW_2549,1974,467,1041,939,723,750
ABUW_2550,2448,102,452,342,253,143
ABUW_2551,117,5694,1970,1306,5674,1881
ABUWs045,4861,6566,3168,2212,5804,2135
ABUW_2553,362,2679,1098,1563,1733,1268
ABUW_2554,4508,1456,303,519,919,802
soxR,2121,1010,1283,2048,2486,1392
ABUW_2556,0,452,169,206,444,159
ABUW_2557,1580,45,239,88,241,173
ABUW_2558,0,87,536,350,276,804
ABUW_2559,578,2,3,1,3,29
ABUW_2560,659,14,128,66,37,57
guaD1,1,78,509,364,345,701
ABUW_2562,297,0,0,0,0,0
ABUW_2563,1276,117,584,411,386,483
ABUW_2564,1014,12,430,295,282,401
ABUW_2565,2060,0,2,0,0,1
ABUW_2566,574,56,229,189,111,366
ABUW_2567,1049,12,68,82,49,107
ABUW_2568,0,51,521,294,399,432
clpV,2,1408,4341,3171,10340,8229
ABUW_2570,785,965,3206,2583,7089,5032
ABUW_2571,2,1424,2929,2165,1437,3479
ABUW_2572,939,156,874,993,474,991
icmF,6204,42,164,160,81,43
ABUW_2574,1824,2742,7457,7384,2945,6006
ABUW_2575,3218,103,262,176,75,404
ABUW_2576,1422,0,1,0,1,4
ABUW_2577,2690,484,5481,951,7730,5896
ABUW_2578,152,1,1,0,1,5
ABUW_2579,306,98,4812,1077,23608,1109
ABUW_2580,9,61,2422,631,4484,270
ABUW_2581,1513,615,2160,625,5197,341
ABUW_2582,688,6,5,11,3,16
ABUW_2583,321,41,37,39,19,60
ABUW_2584,29,15,44,44,12,46
ABUW_2585,472,16,21,23,27,61
atzF,240,5,22,13,10,41
ABUW_2587,239,0,7,5,3,9
ABUW_2588,239,0,0,0,0,0
ABUW_2589,426,22,50,50,27,131
ABUW_2590,1691,25,23,44,20,106
uca,76,95,392,334,965,235
ABUW_2592,61,25,170,80,53,206
ABUW_2593,61,1433,1136,913,7473,4717
ABUW_2594,1696,447,1390,1391,3631,2842
ABUW_2595,1687,606,912,515,1092,3201
ABUW_2596,890,43,67,68,42,223
ABUW_2597,564,2690,2616,1241,4398,922
ABUWs046,259,118,219,152,224,167
ABUW_2598,59,474,1531,1638,1409,11521
ABUW_2599,14,245,850,652,312,2940
ABUW_2600,714,562,755,676,711,2887
ABUW_2601,3505,310,1571,848,571,1334
ABUW_2602,1542,129,567,236,755,420
bccA,17,296,238,219,341,943
ABUW_2604,21791,297,1621,787,681,1347
ABUW_2605,1,1670,699,774,622,983
ABUW_2606,156,712,973,1085,553,1442
ABUW_2607,490,210,420,318,201,464
ABUW_2608,652,2195,1094,608,1204,2186
ABUW_2609,2391,1,1,0,1,12
ABUW_2610,1358,0,1,2,4,2
ABUW_2611,151,78,613,586,251,652
ABUW_2612,164,1690,333,523,544,2750
ABUW_2613,708,5053,17652,20327,18644,6047
ABUW_2614,182,951,500,995,587,1276
ABUW_2615,1962,1614,4692,5140,3980,2234
ABUW_2616,529,488,1080,843,1200,1063
ABUW_2617,74,9285,2093,897,5184,3021
ABUW_2618,1,23,172,98,140,326
ABUW_2619,96,25,274,183,50,419
ABUW_2620,1,0,0,2,3,4
ABUW_2621,212811,155,2514,1081,816,1306
ABUW_2622,18,323,820,617,601,1062
ABUW_2623,794,22,242,235,151,330
ABUW_2624,1959,102,93,113,154,318
ABUW_2625,2,206,23,36,100,226
ABUW_2626,628,209,32,41,52,176
ABUW_2627,589,95,35,41,57,109
pcaK2,0,28,164,50,170,130
ABUW_2629,0,226,634,233,611,420
ABUWs047,1675,36,64,38,56,114
ABUW_2630,895,33,85,43,148,121
ABUW_2631,664,50,138,73,206,95
ABUW_2632,1801,215,203,201,152,240
ABUW_2633,662,10266,2475,2153,6163,3328
mutS,5163,237,474,260,380,1250
ABUW_2635,951,752,2211,1642,1327,1580
fdxA,13222,26,280,203,103,270
ABUW_2637,859,49,125,99,30,255
ABUW_2638,0,5,18,24,9,35
ABUW_2639,50,216,832,483,182,478
ABUW_2640,1,903,1882,928,1870,925
ABUW_2641,1214,175,517,364,665,586
ABUW_2642,894,2,3,6,10,48
ABUW_2643,13148,74320,45934,29690,73371,13863
ABUW_2644,1213,0,5,1,2,5
lptB,65,52,102,107,66,125
lptA,92,0,0,1,0,0
ABUW_2647,150,52,25,17,34,81
kdsC,1293,11,29,38,9,76
kdsD,2086,144,80,134,81,562
cysS,6589,92,95,131,50,415
ABUW_2651,21300,62,80,75,45,357
ABUW_2652,68,156,785,644,241,1864
ABUW_2653,6,76,115,99,34,201
ABUW_2654,88,251,1354,1110,650,1851
ABUW_2655,4379,509,1192,640,234,864
ABUW_2656,209,67,200,205,61,198
ABUW_2657,100,4,1,1,0,23
ABUW_2658,0,33,56,52,18,129
ABUW_2659,676,1,0,2,0,14
ABUW_2660,191,3307,494,550,1445,2723
ABUW_2661,364,2,10,16,4,17
ABUW_2662,22,0,0,0,0,10
ABUW_2663,371,1041,561,443,997,1449
ABUW_2664,2635,1469,767,185,715,3053
ABUW_2665,428,9905,1461,543,4720,8200
ABUW_2666,520,0,0,0,0,1
ABUW_2667,610,0,0,0,1,0
ABUW_2668,18199,2761,787,1008,729,1747
ABUW_2669,4768,1368,508,499,928,1389
ABUW_2670,15,334,298,314,560,545
ABUW_2671,439,552,2906,3152,2116,1858
ABUW_2672,9931,234,1118,798,359,843
ABUW_2673,847,1478,8927,2903,4502,3464
ABUW_2674,2487,724,6352,9469,3529,3916
ABUW_2675,6559,1301,1004,557,1457,4944
ABUW_2676,674,81,971,482,189,715
ABUW_2677,88660,0,0,0,0,0
ABUW_2678,2,33,111,79,63,129
ABUW_2679,127,12,6,6,2,25
ABUW_2680,25,0,1,0,0,0
ABUW_2681,217,0,0,2,1,4
ABUW_2682,430,7,191,36,156,51
ABUW_2683,32,40,88,8,29,24
ABUW_2684,16269,815,8285,2987,4161,5496
ABUW_2685,331,30,406,171,188,411
ABUW_2686,158,84,64,103,69,106
ABUW_2687,7051,135,46,19,72,91
ABUW_2688,29,18,100,99,54,82
ABUW_2689,858,11,894,335,614,214
csp1,2470,1058,1173,816,6085,1137
ABUW_2691,2783,263,1594,1005,2814,1589
ABUW_2692,6659,557,648,1438,518,4216
ABUW_2693,4337,23,61,67,67,98
ABUW_2694,7317,6,1,7,2,126
ABUW_2695,6038,2,19,28,15,108
ABUW_2696,415,338,2225,1756,1184,1423
ABUW_2697,3742,55,100,59,199,151
ABUW_2698,3242,11,14,13,11,37
ABUW_2699,146,0,0,0,0,0
ABUWs048,39472,3297,435,655,2200,17772
ABUW_2700,239,167,171,422,205,2038
ABUW_2701,3,260,234,600,451,2637
ABUW_2702,196,22,108,179,99,178
ABUWs049,137,67,240,203,241,384
ABUW_2703,87,4350,2826,1876,4658,5016
ABUWs050,93,79,651,280,680,290
ABUW_2704,267,160,750,348,949,265
ABUWs051,318,790,231,195,637,811
ABUW_2705,42,2200,22579,18905,19958,9560
cueR,70,904,5899,4980,12655,4655
actP2,133,14,4,17,5,8
ABUW_2708,745,276,874,646,730,861
benM,2821,1524,2939,3650,780,4805
benA,188,147,1550,347,730,1606
benB,65,0,8,2,0,1
benC,49,0,6,1,0,13
benD,127,12,30,15,8,58
benE,57,3199,1158,801,2681,7079
benK,258,1875,5170,3309,4944,15453
benP2,149,2125,1126,1117,3772,1218
ABUW_2717,4428,103489,82708,90358,103286,54263
hrpA,2487,0,5,10,2,23
ahpC,674,45,43,77,70,275
ABUW_2720,590,10,2,13,0,2
mdmC,1789,20,59,45,44,214
ABUW_2722,311,29,232,149,131,499
ahpF2,0,29,26,11,5,87
ABUW_2724,736,2617,16939,6059,20102,14748
gst,127,1139,142,84,190,1052
ABUW_2726,21,9,343,300,4444,461
trmB,0,9016,3746,3872,10230,8389
ABUW_2728,0,164,308,514,156,813
ABUW_2729,0,1062,1180,851,931,752
ABUW_2730,0,3281,1572,1050,3141,1724
pyrX,0,4838,2451,3337,1921,5298
pyrB,0,1236,2140,2456,668,1872
ABUW_2733,0,4445,4575,4061,7034,7607
ABUW_2734,11,7112,6368,3298,11942,8402
ABUW_2735,561,197,992,372,582,871
cinA2,1080,2508,3964,1961,4970,3581
clpB,1036,638,977,1340,858,5869
ABUW_2738,337,32,65,125,28,616
ABUW_2739,701,21178,36450,15455,58929,96554
ABUW_2740,4782,13,45,23,24,61
vfr,2,0,0,0,1,0
ABUW_2742,2012,8,84,51,59,185
ABUW_2743,209,114,48,54,69,316
ABUW_2744,16,18,62,36,56,179
purA,13585,37,60,33,60,145
hisZ,36692,54,72,46,37,166
epd,15,25,43,26,11,72
alaS,6751,23,101,65,15,102
lysC,600,19,99,60,64,130
csrA,55,390,672,656,719,1529
rnhB,1921,6698,3268,5055,9194,5934
ABUW_2752,3804,47,79,63,67,147
ABUW_2753,1,12,41,39,23,93
add1,704,8,13,23,34,139
ABUW_2755,122,1,34,44,47,109
ABUW_2756,0,37,47,63,21,216
ABUW_2757,1,162,103,100,220,573
ABUW_2758,5874,16,77,84,39,179
ABUW_2759,15618,14018,6202,8933,18514,3708
ABUW_2760,98,607,1244,596,1461,3067
ABUW_2761,26,53,516,240,377,693
ABUW_2762,1520,52,438,137,167,157
ABUW_2763,3226,203,1896,1240,3414,1547
ABUW_2764,0,39,187,151,142,266
ABUW_2765,317,0,0,0,0,0
ABUW_2766,183,82,175,147,379,416
ABUW_2767,0,141,288,190,144,385
ABUW_2768,3,321,419,255,401,1161
ABUW_2769,613,346,441,250,462,706
ABUW_2770,172,537,535,204,931,983
ABUW_2771,621,946,1207,487,850,616
vanK,467,2352,5220,1116,3481,1324
vanA,267,391,653,283,507,1368
vanB,85,48,131,52,130,131
vanR,251,48,285,154,210,238
hcaR,676,2585,18138,7393,11545,3310
hcaK,380,9082,18470,12610,32192,37156
hcaA,37464,69,32,22,181,368
hcaB,23409,42811,12600,12840,20300,13893
hcaC,61972,869,2437,2149,2891,822
hcaD,36032,19,77,32,18,93
hcaE,16818,1473,3526,2071,4330,3935
ABUW_2783,14377,1228,10549,3219,10367,5347
ABUW_2784,0,0,5,3,5,0
hcaG,49,50,627,423,351,628
ABUW_2786,318,240,413,319,471,1026
ABUW_2787,11082,890,735,1931,922,3294
kdgD,1423,0,0,0,0,4
gudD,1303,0,13,29,3,0
ABUW_2790,13926,2216,38401,37815,13410,1330
garD,7098,7074,98634,95015,72016,4850
ABUW_2792,6571,219,240,225,262,659
ABUW_2793,8678,21,28,24,9,27
ABUW_2794,1435,1256,400,329,827,1304
ABUW_2795,2198,473,948,694,989,1265
ABUW_2796,4610,0,0,0,0,0
ABUW_2797,3199,10,34,34,18,110
ABUW_2798,2854,9,16,26,4,78
astA2,85,0,0,0,0,0
ABUW_2800,213,0,0,1,0,16
ABUW_2801,243,113,455,406,132,506
ydcW,44,61,185,83,227,280
ABUW_2803,16817,214,1188,946,542,1629
ABUW_2804,2032,343,1284,929,325,1608
ABUW_2805,28,125,585,427,268,1284
ABUW_2806,61,21,27,32,37,31
ABUW_2807,3948,239,1202,767,136,438
ABUW_2808,753,162,908,400,930,1029
ABUW_2809,98,161,279,207,166,295
ABUW_2810,69,38562,3071,1998,9628,12280
ABUW_2811,228,823,8633,11166,4273,3982
ABUW_2812,237,3196,10858,14390,15381,11018
ABUW_2813,50,2451,7869,10440,9597,6146
ABUW_2814,218,847,3623,5328,2767,2940
ABUW_2815,21,2256,3073,5092,5713,6071
ABUW_2816,4,0,0,0,0,0
ABUW_2817,14,16,44,95,34,104
ABUW_2818,10,32593,3713,39315,18075,103585
ABUWs052,0,3271,41587,42264,43585,10660
ABUW_2819,6962,47,277,340,241,1157
ABUW_2820,43,109,453,333,161,826
ABUW_2821,230,7751,1013,990,823,3037
ABUW_2822,217,426,305,391,187,1230
argG,245,11587,2239,2007,2705,17482
ABUW_2824,157,2121,14697,5245,5500,10670
pyrC,154,329,4252,3117,4105,1235
rnt,462,1172,6638,10882,5183,1423
ABUW_2827,716,2655,11517,21836,6690,2471
ABUW_2828,225,7476,9143,18099,15815,3235
ABUW_2829,359,23366,6997,11886,13947,5518
ABUW_2830,3028,119,31,142,24,241
ABUW_2831,31,248,36,254,66,584
ABUW_2832,52,280,45,236,48,765
ABUW_2833,136,102,16,100,5,226
ABUW_2834,22,10107,5941,11174,7905,19909
ABUW_2835,51,1216,1246,723,1500,1812
ABUW_2836,8039,3,13,34,8,41
ABUW_2837,1047,24,24,20,2,121
ABUW_2838,809,1230,3665,2092,1948,1339
ABUW_2839,243,834,482,283,265,588
ABUW_2840,27,16,48,35,28,63
dnaQ,22,9,42,24,20,37
ABUW_2842,371,6,28,32,16,47
ABUW_2843,1534,15,24,22,59,118
aesT,2255,0,14,16,2,31
ABUW_2845,422,56,999,681,374,751
ABUW_2846,1867,1,7,3,11,45
ABUW_2847,207,1,0,0,1,2
ABUW_2848,2898,7,4,4,7,25
iciA,56,12,18,8,11,44
ABUW_2850,85,5082,340,362,855,7225
ABUW_2851,16,13064,8618,7350,8912,23194
ABUW_2852,27236,45,64,147,23,78
ABUW_2853,615,19,226,422,219,155
ABUW_2854,233,172,160,300,277,164
ubiH,52,117,52,110,139,46
pepP,7,14,11,25,41,22
ABUW_2857,1474,2,4,11,9,28
ABUW_2858,867,7,15,13,11,30
ABUW_2859,2941,18,15,16,18,47
ABUWs053,1410,16,6,8,18,26
ABUW_2860,166,12,7,11,15,58
ABUW_2861,3671,276,262,611,383,1098